-- =====================================================================
-- Mock data seed: two disaster scenarios for map / algorithm testing
-- =====================================================================
-- Scenario A | 花蓮光復泥石流 (2024-07-24, 凱米颱風 +2 天)  — 16 stations
--   集中型大站、官方/NGO 為主、資料品質高;少數市民自發非正式站、部分滿載負評
-- Scenario B | 宜蘭冬山水災   (2025-10-03, 強降雨 +1 天)   — 9 stations
--   里民自發、source 多為 user、updated_at 落後、重複回報、退水後關閉未更新
--
-- Design notes:
--   * joined-table 多型: base_geometries (geometry/時間) -> stations -> station_properties (EAV)
--   * station_properties 無通用 value 欄位: 整數值放 quantity、其餘(bool/enum/array/text)放 comment
--   * source: 以 Google Sheet 規格為準 (gov / user);DB 欄位為自由字串,後端不依此分支
--   * 座標: 錨定真實地標/聚落,落在正確鄉鎮 (誤差約數十~數百公尺,適用地圖測試)
--   * 固定 UUID 前綴方便重跑: 市民 user=c…、場景A站=a…、場景B站=b…
--
-- Idempotent: 腳本開頭會先刪除自身 seed (依 UUID 前綴),可安全重複執行。
-- Run (local dev):  psql "host=127.0.0.1 port=5432 user=postgres dbname=postgres" \
--                     -f scripts/seed_mock_scenarios.sql
-- Run (staging VM): docker compose -f docker-compose.staging.yml exec -T db \
--                     psql -U postgres -d postgres -v ON_ERROR_STOP=1 < scripts/seed_mock_scenarios.sql
--                   (ON_ERROR_STOP=1 is required: without it psql exits 0 on mid-file errors.)
-- =====================================================================

BEGIN;

-- ---------------------------------------------------------------------
-- 0. 清除既有 seed (可重跑)
-- ---------------------------------------------------------------------
DELETE FROM crowd_sourcing
 WHERE station_uuid::text LIKE 'a0000000-%' OR station_uuid::text LIKE 'b0000000-%';
DELETE FROM station_properties
 WHERE station_uuid::text LIKE 'a0000000-%' OR station_uuid::text LIKE 'b0000000-%';
DELETE FROM stations
 WHERE uuid::text LIKE 'a0000000-%' OR uuid::text LIKE 'b0000000-%';
DELETE FROM base_geometries
 WHERE uuid::text LIKE 'a0000000-%' OR uuid::text LIKE 'b0000000-%';
-- 登入憑證(FK 順序: assign/identity/contact 先於 users)
DELETE FROM user_group_assign WHERE user_uuid::text LIKE 'c0000000-%';
DELETE FROM user_identities   WHERE user_uuid::text LIKE 'c0000000-%';
DELETE FROM user_contacts     WHERE user_uuid::text LIKE 'c0000000-%';
DELETE FROM users
 WHERE uuid::text LIKE 'c0000000-%';

-- ---------------------------------------------------------------------
-- 1. Mock 市民 / 單位 users (password 可為 NULL;credibility 各異)
-- ---------------------------------------------------------------------
INSERT INTO users (uuid, name, password, credibility_score, created_at, updated_at) VALUES
 ('c0000000-0000-4000-8000-000000000001', '光復救災指揮中心', NULL, 90, '2024-07-22 08:00+08', '2024-07-22 08:00+08'),
 ('c0000000-0000-4000-8000-000000000002', '慈濟基金會志工',   NULL, 85, '2024-07-22 08:00+08', '2024-07-22 08:00+08'),
 ('c0000000-0000-4000-8000-000000000003', '在地居民-阿明',     NULL, 45, '2024-07-23 09:00+08', '2024-07-23 09:00+08'),
 ('c0000000-0000-4000-8000-000000000004', '路過民眾-小美',     NULL, 30, '2024-07-24 10:00+08', '2024-07-24 10:00+08'),
 ('c0000000-0000-4000-8000-000000000005', '冬山三奇里長',       NULL, 70, '2025-10-01 09:00+08', '2025-10-01 09:00+08'),
 ('c0000000-0000-4000-8000-000000000006', '宜蘭鄉民-阿坤',     NULL, 25, '2025-10-03 07:00+08', '2025-10-03 07:00+08'),
 ('c0000000-0000-4000-8000-000000000007', '返鄉志工-阿華',     NULL, 55, '2025-10-02 18:00+08', '2025-10-02 18:00+08'),
 ('c0000000-0000-4000-8000-000000000008', '冬山鄉災害應變中心', NULL, 88, '2025-10-01 09:00+08', '2025-10-01 09:00+08');

-- =====================================================================
-- SCENARIO A — 花蓮光復泥石流 (16 stations)
-- =====================================================================

-- 1A. base_geometries  (geometry = Point(lng,lat) SRID 4326;updated_at 新鮮=高品質)
INSERT INTO base_geometries (uuid, property_name, geometry, created_by, created_at, updated_at) VALUES
 ('a0000000-0000-4000-8000-000000000001','station',ST_SetSRID(ST_MakePoint(121.4219,23.6696),4326),'c0000000-0000-4000-8000-000000000001','2024-07-24 07:30+08','2024-07-24 16:00+08'),
 ('a0000000-0000-4000-8000-000000000002','station',ST_SetSRID(ST_MakePoint(121.4232,23.6668),4326),'c0000000-0000-4000-8000-000000000001','2024-07-24 07:40+08','2024-07-24 15:30+08'),
 ('a0000000-0000-4000-8000-000000000003','station',ST_SetSRID(ST_MakePoint(121.4152,23.6748),4326),'c0000000-0000-4000-8000-000000000002','2024-07-24 08:10+08','2024-07-24 15:00+08'),
 ('a0000000-0000-4000-8000-000000000004','station',ST_SetSRID(ST_MakePoint(121.4275,23.6585),4326),'c0000000-0000-4000-8000-000000000003','2024-07-24 11:20+08','2024-07-24 11:20+08'),
 ('a0000000-0000-4000-8000-000000000005','station',ST_SetSRID(ST_MakePoint(121.4206,23.6686),4326),'c0000000-0000-4000-8000-000000000001','2024-07-24 07:35+08','2024-07-24 14:00+08'),
 ('a0000000-0000-4000-8000-000000000006','station',ST_SetSRID(ST_MakePoint(121.4052,23.5902),4326),'c0000000-0000-4000-8000-000000000002','2024-07-24 09:00+08','2024-07-24 14:30+08'),
 ('a0000000-0000-4000-8000-000000000007','station',ST_SetSRID(ST_MakePoint(121.4382,23.6608),4326),'c0000000-0000-4000-8000-000000000002','2024-07-24 09:20+08','2024-07-24 13:40+08'),
 ('a0000000-0000-4000-8000-000000000008','station',ST_SetSRID(ST_MakePoint(121.4222,23.6712),4326),'c0000000-0000-4000-8000-000000000001','2024-07-24 07:50+08','2024-07-24 16:10+08'),
 ('a0000000-0000-4000-8000-000000000009','station',ST_SetSRID(ST_MakePoint(121.3772,23.4978),4326),'c0000000-0000-4000-8000-000000000002','2024-07-24 08:30+08','2024-07-24 14:50+08'),
 ('a0000000-0000-4000-8000-000000000010','station',ST_SetSRID(ST_MakePoint(121.4248,23.6652),4326),'c0000000-0000-4000-8000-000000000001','2024-07-24 10:00+08','2024-07-24 17:00+08'),
 ('a0000000-0000-4000-8000-000000000011','station',ST_SetSRID(ST_MakePoint(121.4522,23.7452),4326),'c0000000-0000-4000-8000-000000000002','2024-07-24 10:30+08','2024-07-24 16:40+08'),
 ('a0000000-0000-4000-8000-000000000012','station',ST_SetSRID(ST_MakePoint(121.4212,23.6702),4326),'c0000000-0000-4000-8000-000000000001','2024-07-24 06:50+08','2024-07-24 17:20+08'),
 ('a0000000-0000-4000-8000-000000000013','station',ST_SetSRID(ST_MakePoint(121.4228,23.6678),4326),'c0000000-0000-4000-8000-000000000002','2024-07-24 07:10+08','2024-07-24 17:10+08'),
 ('a0000000-0000-4000-8000-000000000014','station',ST_SetSRID(ST_MakePoint(121.4262,23.6662),4326),'c0000000-0000-4000-8000-000000000001','2024-07-24 06:40+08','2024-07-24 18:00+08'),
 ('a0000000-0000-4000-8000-000000000015','station',ST_SetSRID(ST_MakePoint(121.4532,23.7442),4326),'c0000000-0000-4000-8000-000000000002','2024-07-24 09:50+08','2024-07-24 16:20+08'),
 ('a0000000-0000-4000-8000-000000000016','station',ST_SetSRID(ST_MakePoint(121.4188,23.6722),4326),'c0000000-0000-4000-8000-000000000001','2024-07-24 08:00+08','2024-07-24 15:40+08');

-- 2A. stations
INSERT INTO stations (uuid, type, name, description, op_hour, level, comment, source, visibility, verification_status, confidence_score, is_duplicate, dedup_group_id, is_temporary, expires_at, is_official, priority_score) VALUES
 ('a0000000-0000-4000-8000-000000000001','supply','光復鄉公所前進物資集散站','凱米颱風後設立之主要物資集散點,供應台九線中斷區受困聚落','24h',2,'官方主站,物資充足','gov','public','human_verified',0.92,false,NULL,true,'2024-08-31 23:59+08',true,0.88),
 ('a0000000-0000-4000-8000-000000000002','supply','光復國小物資發放站','設於光復國小操場,集中發放食物與民生物資','24h',1,NULL,'gov','public','human_verified',0.90,false,NULL,true,'2024-08-31 23:59+08',true,0.80),
 ('a0000000-0000-4000-8000-000000000003','supply','馬太鞍部落物資站','馬太鞍部落自救會與公所合作設立','06:00-22:00',1,NULL,'gov','public','ai_verified',0.85,false,NULL,true,'2024-08-31 23:59+08',true,0.70),
 ('a0000000-0000-4000-8000-000000000004','supply','大農社區自發物資點',NULL,'unknown',0,'居民自發回報,資料不完整,現場已滿載','user','public','unverified',0.45,false,NULL,true,NULL,false,0.40),
 ('a0000000-0000-4000-8000-000000000005','toilet','光復車站流動廁所區','車站旁臨時流動廁所,土石中斷期間無自來水','24h',0,NULL,'gov','public','human_verified',0.88,false,NULL,true,'2024-08-31 23:59+08',true,0.60),
 ('a0000000-0000-4000-8000-000000000006','toilet','大富火車站公廁','大富車站旁公廁,供南段受困居民使用','24h',0,NULL,'gov','public','ai_verified',0.80,false,NULL,true,'2024-08-31 23:59+08',true,0.50),
 ('a0000000-0000-4000-8000-000000000007','toilet','太巴塱活動中心廁所','太巴塱部落活動中心,可沖水','06:00-22:00',0,NULL,'gov','public','ai_verified',0.82,false,NULL,true,'2024-08-31 23:59+08',true,0.50),
 ('a0000000-0000-4000-8000-000000000008','water','光復淨水加水點','軍方水車駐點供應飲用水','24h',1,NULL,'gov','public','human_verified',0.90,false,NULL,true,'2024-08-31 23:59+08',true,0.75),
 ('a0000000-0000-4000-8000-000000000009','water','瑞穗鄉公所加水站','瑞穗端加水點,供南段聚落','08:00-20:00',0,NULL,'gov','public','ai_verified',0.85,false,NULL,true,'2024-08-31 23:59+08',true,0.65),
 ('a0000000-0000-4000-8000-000000000010','shower','光復國中洗澡點','設置簡易淋浴間,提供熱水','16:00-22:00',0,NULL,'gov','public','human_verified',0.86,false,NULL,true,'2024-08-31 23:59+08',true,0.60),
 ('a0000000-0000-4000-8000-000000000011','shower','鳳林鎮立體育館洗澡點','鳳林端淋浴設施','17:00-21:00',0,NULL,'gov','public','ai_verified',0.80,false,NULL,true,'2024-08-31 23:59+08',true,0.55),
 ('a0000000-0000-4000-8000-000000000012','medical','光復鄉衛生所醫療站','24 小時醫療站,具門診與藥局','24h',2,'官方主醫療站','gov','public','human_verified',0.94,false,NULL,true,'2024-08-31 23:59+08',true,0.90),
 ('a0000000-0000-4000-8000-000000000013','medical','慈濟人醫會醫療站','慈濟人醫會行動醫療,提供急救與義診','24h',2,NULL,'gov','public','human_verified',0.90,false,NULL,true,'2024-08-31 23:59+08',true,0.85),
 ('a0000000-0000-4000-8000-000000000014','shelter','光復商工避難收容所','主要收容中心,孤立人口大量湧入,目前已滿載','24h',2,'已滿載,床位為 0,群眾回報擁擠','gov','public','human_verified',0.88,false,NULL,true,'2024-08-31 23:59+08',true,0.80),
 ('a0000000-0000-4000-8000-000000000015','shelter','鳳林國小避難所','鳳林端收容點,尚有空床','24h',1,NULL,'gov','public','ai_verified',0.84,false,NULL,true,'2024-08-31 23:59+08',true,0.70),
 ('a0000000-0000-4000-8000-000000000016','gas_station','光復中油加油站','維持供油,救災車輛優先','06:00-20:00',0,NULL,'gov','public','ai_verified',0.82,false,NULL,true,'2024-08-31 23:59+08',true,0.60);

-- 3A. station_properties (EAV;整數→quantity、其餘→comment)
INSERT INTO station_properties (uuid, station_uuid, property_type, property_name, quantity, comment, status, weightings, created_by, created_at, updated_at) VALUES
 (gen_random_uuid(),'a0000000-0000-4000-8000-000000000001','supply','supply_types',NULL,'food,water,daily_items,repair_tool','verified',1.5,'c0000000-0000-4000-8000-000000000001','2024-07-24 07:30+08','2024-07-24 16:00+08'),
 (gen_random_uuid(),'a0000000-0000-4000-8000-000000000001','supply','supply_rationed',NULL,'false','verified',1.5,'c0000000-0000-4000-8000-000000000001','2024-07-24 07:30+08','2024-07-24 16:00+08'),
 (gen_random_uuid(),'a0000000-0000-4000-8000-000000000002','supply','supply_types',NULL,'food,water,medicine,daily_items','verified',1.5,'c0000000-0000-4000-8000-000000000001','2024-07-24 07:40+08','2024-07-24 15:30+08'),
 (gen_random_uuid(),'a0000000-0000-4000-8000-000000000003','supply','supply_types',NULL,'food,water,daily_items','verified',1.4,'c0000000-0000-4000-8000-000000000002','2024-07-24 08:10+08','2024-07-24 15:00+08'),
 (gen_random_uuid(),'a0000000-0000-4000-8000-000000000003','supply','supply_rationed',NULL,'true','verified',1.4,'c0000000-0000-4000-8000-000000000002','2024-07-24 08:10+08','2024-07-24 15:00+08'),
 (gen_random_uuid(),'a0000000-0000-4000-8000-000000000003','supply','supply_condition',NULL,'每戶限領一份','verified',1.4,'c0000000-0000-4000-8000-000000000002','2024-07-24 08:10+08','2024-07-24 15:00+08'),
 (gen_random_uuid(),'a0000000-0000-4000-8000-000000000004','supply','supply_types',NULL,'food,water','pending',0.8,'c0000000-0000-4000-8000-000000000003','2024-07-24 11:20+08','2024-07-24 11:20+08'),
 (gen_random_uuid(),'a0000000-0000-4000-8000-000000000005','facility','has_flush',NULL,'false','verified',1.5,'c0000000-0000-4000-8000-000000000001','2024-07-24 07:35+08','2024-07-24 14:00+08'),
 (gen_random_uuid(),'a0000000-0000-4000-8000-000000000006','facility','has_flush',NULL,'false','verified',1.4,'c0000000-0000-4000-8000-000000000002','2024-07-24 09:00+08','2024-07-24 14:30+08'),
 (gen_random_uuid(),'a0000000-0000-4000-8000-000000000007','facility','has_flush',NULL,'true','verified',1.4,'c0000000-0000-4000-8000-000000000002','2024-07-24 09:20+08','2024-07-24 13:40+08'),
 (gen_random_uuid(),'a0000000-0000-4000-8000-000000000008','supply','is_potable',NULL,'true','verified',1.5,'c0000000-0000-4000-8000-000000000001','2024-07-24 07:50+08','2024-07-24 16:10+08'),
 (gen_random_uuid(),'a0000000-0000-4000-8000-000000000008','facility','water_level',NULL,'full','verified',1.5,'c0000000-0000-4000-8000-000000000001','2024-07-24 07:50+08','2024-07-24 16:10+08'),
 (gen_random_uuid(),'a0000000-0000-4000-8000-000000000009','supply','is_potable',NULL,'true','verified',1.4,'c0000000-0000-4000-8000-000000000002','2024-07-24 08:30+08','2024-07-24 14:50+08'),
 (gen_random_uuid(),'a0000000-0000-4000-8000-000000000009','facility','water_level',NULL,'partial','verified',1.4,'c0000000-0000-4000-8000-000000000002','2024-07-24 08:30+08','2024-07-24 14:50+08'),
 (gen_random_uuid(),'a0000000-0000-4000-8000-000000000010','facility','gender_limit',NULL,'mixed','verified',1.5,'c0000000-0000-4000-8000-000000000001','2024-07-24 10:00+08','2024-07-24 17:00+08'),
 (gen_random_uuid(),'a0000000-0000-4000-8000-000000000010','facility','has_hot_water',NULL,'true','verified',1.5,'c0000000-0000-4000-8000-000000000001','2024-07-24 10:00+08','2024-07-24 17:00+08'),
 (gen_random_uuid(),'a0000000-0000-4000-8000-000000000011','facility','gender_limit',NULL,'female_only','verified',1.4,'c0000000-0000-4000-8000-000000000002','2024-07-24 10:30+08','2024-07-24 16:40+08'),
 (gen_random_uuid(),'a0000000-0000-4000-8000-000000000011','facility','has_hot_water',NULL,'true','verified',1.4,'c0000000-0000-4000-8000-000000000002','2024-07-24 10:30+08','2024-07-24 16:40+08'),
 (gen_random_uuid(),'a0000000-0000-4000-8000-000000000012','service','medical_level',NULL,'clinic','verified',1.5,'c0000000-0000-4000-8000-000000000001','2024-07-24 06:50+08','2024-07-24 17:20+08'),
 (gen_random_uuid(),'a0000000-0000-4000-8000-000000000012','service','has_staff',NULL,'true','verified',1.5,'c0000000-0000-4000-8000-000000000001','2024-07-24 06:50+08','2024-07-24 17:20+08'),
 (gen_random_uuid(),'a0000000-0000-4000-8000-000000000012','service','vet_available',NULL,'false','verified',1.5,'c0000000-0000-4000-8000-000000000001','2024-07-24 06:50+08','2024-07-24 17:20+08'),
 (gen_random_uuid(),'a0000000-0000-4000-8000-000000000012','service','specialties',NULL,'trauma,pharmacy','verified',1.5,'c0000000-0000-4000-8000-000000000001','2024-07-24 06:50+08','2024-07-24 17:20+08'),
 (gen_random_uuid(),'a0000000-0000-4000-8000-000000000012','service','capacity_available',30,NULL,'verified',1.5,'c0000000-0000-4000-8000-000000000001','2024-07-24 06:50+08','2024-07-24 17:20+08'),
 (gen_random_uuid(),'a0000000-0000-4000-8000-000000000013','service','medical_level',NULL,'first_aid','verified',1.4,'c0000000-0000-4000-8000-000000000002','2024-07-24 07:10+08','2024-07-24 17:10+08'),
 (gen_random_uuid(),'a0000000-0000-4000-8000-000000000013','service','has_staff',NULL,'true','verified',1.4,'c0000000-0000-4000-8000-000000000002','2024-07-24 07:10+08','2024-07-24 17:10+08'),
 (gen_random_uuid(),'a0000000-0000-4000-8000-000000000013','service','vet_available',NULL,'false','verified',1.4,'c0000000-0000-4000-8000-000000000002','2024-07-24 07:10+08','2024-07-24 17:10+08'),
 (gen_random_uuid(),'a0000000-0000-4000-8000-000000000013','service','specialties',NULL,'trauma,pediatric','verified',1.4,'c0000000-0000-4000-8000-000000000002','2024-07-24 07:10+08','2024-07-24 17:10+08'),
 (gen_random_uuid(),'a0000000-0000-4000-8000-000000000014','facility','beds_available',0,NULL,'verified',1.5,'c0000000-0000-4000-8000-000000000001','2024-07-24 06:40+08','2024-07-24 18:00+08'),
 (gen_random_uuid(),'a0000000-0000-4000-8000-000000000014','facility','capacity_total',200,NULL,'verified',1.5,'c0000000-0000-4000-8000-000000000001','2024-07-24 06:40+08','2024-07-24 18:00+08'),
 (gen_random_uuid(),'a0000000-0000-4000-8000-000000000014','service','has_medical_support',NULL,'true','verified',1.5,'c0000000-0000-4000-8000-000000000001','2024-07-24 06:40+08','2024-07-24 18:00+08'),
 (gen_random_uuid(),'a0000000-0000-4000-8000-000000000015','facility','beds_available',45,NULL,'verified',1.4,'c0000000-0000-4000-8000-000000000002','2024-07-24 09:50+08','2024-07-24 16:20+08'),
 (gen_random_uuid(),'a0000000-0000-4000-8000-000000000015','facility','capacity_total',150,NULL,'verified',1.4,'c0000000-0000-4000-8000-000000000002','2024-07-24 09:50+08','2024-07-24 16:20+08'),
 (gen_random_uuid(),'a0000000-0000-4000-8000-000000000015','service','has_medical_support',NULL,'false','verified',1.4,'c0000000-0000-4000-8000-000000000002','2024-07-24 09:50+08','2024-07-24 16:20+08'),
 (gen_random_uuid(),'a0000000-0000-4000-8000-000000000016','service','is_open',NULL,'true','verified',1.4,'c0000000-0000-4000-8000-000000000001','2024-07-24 08:00+08','2024-07-24 15:40+08'),
 (gen_random_uuid(),'a0000000-0000-4000-8000-000000000016','service','is_onsale',NULL,'false','verified',1.4,'c0000000-0000-4000-8000-000000000001','2024-07-24 08:00+08','2024-07-24 15:40+08'),
 (gen_random_uuid(),'a0000000-0000-4000-8000-000000000016','supply','fuel_types',NULL,'92,95,diesel','verified',1.4,'c0000000-0000-4000-8000-000000000001','2024-07-24 08:00+08','2024-07-24 15:40+08');

-- 4A. crowd_sourcing (官方站多正評;A04 自發滿載、A14 收容滿載 → 負評)
INSERT INTO crowd_sourcing (uuid, station_uuid, item_uuid, user_uuid, user_credibility_score, rating, n_updates, distance_from_geometry, created_at, updated_at) VALUES
 (gen_random_uuid(),'a0000000-0000-4000-8000-000000000001',NULL,'c0000000-0000-4000-8000-000000000003',45,'up',1,80,'2024-07-24 12:00+08','2024-07-24 12:00+08'),
 (gen_random_uuid(),'a0000000-0000-4000-8000-000000000001',NULL,'fb43b16d-4bca-4a5b-b5d2-f4afe84c1eec',50,'up',0,120,'2024-07-24 13:00+08','2024-07-24 13:00+08'),
 (gen_random_uuid(),'a0000000-0000-4000-8000-000000000001',NULL,'419dec1e-6875-412d-a043-83ab7d55a860',50,'up',0,60,'2024-07-24 14:00+08','2024-07-24 14:00+08'),
 (gen_random_uuid(),'a0000000-0000-4000-8000-000000000002',NULL,'c0000000-0000-4000-8000-000000000003',45,'up',0,150,'2024-07-24 12:30+08','2024-07-24 12:30+08'),
 (gen_random_uuid(),'a0000000-0000-4000-8000-000000000002',NULL,'c0000000-0000-4000-8000-000000000004',30,'up',0,300,'2024-07-24 13:10+08','2024-07-24 13:10+08'),
 (gen_random_uuid(),'a0000000-0000-4000-8000-000000000003',NULL,'419dec1e-6875-412d-a043-83ab7d55a860',50,'up',0,90,'2024-07-24 13:30+08','2024-07-24 13:30+08'),
 (gen_random_uuid(),'a0000000-0000-4000-8000-000000000004',NULL,'c0000000-0000-4000-8000-000000000003',45,'down',2,250,'2024-07-24 12:00+08','2024-07-24 15:00+08'),
 (gen_random_uuid(),'a0000000-0000-4000-8000-000000000004',NULL,'c0000000-0000-4000-8000-000000000004',30,'down',0,400,'2024-07-24 13:00+08','2024-07-24 13:00+08'),
 (gen_random_uuid(),'a0000000-0000-4000-8000-000000000004',NULL,'fb43b16d-4bca-4a5b-b5d2-f4afe84c1eec',50,'down',1,180,'2024-07-24 14:30+08','2024-07-24 14:30+08'),
 (gen_random_uuid(),'a0000000-0000-4000-8000-000000000008',NULL,'c0000000-0000-4000-8000-000000000003',45,'up',0,70,'2024-07-24 12:40+08','2024-07-24 12:40+08'),
 (gen_random_uuid(),'a0000000-0000-4000-8000-000000000008',NULL,'419dec1e-6875-412d-a043-83ab7d55a860',50,'up',0,110,'2024-07-24 13:50+08','2024-07-24 13:50+08'),
 (gen_random_uuid(),'a0000000-0000-4000-8000-000000000012',NULL,'fb43b16d-4bca-4a5b-b5d2-f4afe84c1eec',50,'up',0,40,'2024-07-24 11:00+08','2024-07-24 11:00+08'),
 (gen_random_uuid(),'a0000000-0000-4000-8000-000000000012',NULL,'c0000000-0000-4000-8000-000000000003',45,'up',1,95,'2024-07-24 12:20+08','2024-07-24 16:00+08'),
 (gen_random_uuid(),'a0000000-0000-4000-8000-000000000013',NULL,'c0000000-0000-4000-8000-000000000004',30,'up',0,210,'2024-07-24 13:20+08','2024-07-24 13:20+08'),
 (gen_random_uuid(),'a0000000-0000-4000-8000-000000000014',NULL,'c0000000-0000-4000-8000-000000000003',45,'down',0,130,'2024-07-24 15:30+08','2024-07-24 15:30+08'),
 (gen_random_uuid(),'a0000000-0000-4000-8000-000000000014',NULL,'c0000000-0000-4000-8000-000000000004',30,'down',1,260,'2024-07-24 16:00+08','2024-07-24 17:30+08'),
 (gen_random_uuid(),'a0000000-0000-4000-8000-000000000014',NULL,'fb43b16d-4bca-4a5b-b5d2-f4afe84c1eec',50,'neutral',0,75,'2024-07-24 16:30+08','2024-07-24 16:30+08'),
 (gen_random_uuid(),'a0000000-0000-4000-8000-000000000015',NULL,'419dec1e-6875-412d-a043-83ab7d55a860',50,'up',0,140,'2024-07-24 15:00+08','2024-07-24 15:00+08'),
 (gen_random_uuid(),'a0000000-0000-4000-8000-000000000016',NULL,'c0000000-0000-4000-8000-000000000003',45,'up',0,160,'2024-07-24 14:10+08','2024-07-24 14:10+08');

-- =====================================================================
-- SCENARIO B — 宜蘭冬山水災 (9 stations)
-- 自發為主、updated_at 落後、重複回報 (B07/B08)、退水後關閉未更新 (B06)
-- =====================================================================

-- 1B. base_geometries  (注意部分 updated_at 刻意落後,模擬資訊不新鮮)
INSERT INTO base_geometries (uuid, property_name, geometry, created_by, created_at, updated_at) VALUES
 ('b0000000-0000-4000-8000-000000000001','station',ST_SetSRID(ST_MakePoint(121.7922,24.6372),4326),'c0000000-0000-4000-8000-000000000005','2025-10-03 08:00+08','2025-10-03 09:00+08'),
 ('b0000000-0000-4000-8000-000000000002','station',ST_SetSRID(ST_MakePoint(121.7906,24.6346),4326),'c0000000-0000-4000-8000-000000000005','2025-10-03 07:00+08','2025-10-03 07:30+08'),
 ('b0000000-0000-4000-8000-000000000003','station',ST_SetSRID(ST_MakePoint(121.7788,24.6228),4326),'c0000000-0000-4000-8000-000000000006','2025-10-03 06:30+08','2025-10-03 06:30+08'),
 ('b0000000-0000-4000-8000-000000000004','station',ST_SetSRID(ST_MakePoint(121.7668,24.6770),4326),'c0000000-0000-4000-8000-000000000007','2025-10-03 07:00+08','2025-10-03 12:00+08'),
 ('b0000000-0000-4000-8000-000000000005','station',ST_SetSRID(ST_MakePoint(121.7920,24.6340),4326),'c0000000-0000-4000-8000-000000000006','2025-10-03 08:00+08','2025-10-03 08:30+08'),
 ('b0000000-0000-4000-8000-000000000006','station',ST_SetSRID(ST_MakePoint(121.7968,24.6420),4326),'c0000000-0000-4000-8000-000000000006','2025-10-03 06:00+08','2025-10-03 06:00+08'),
 ('b0000000-0000-4000-8000-000000000007','station',ST_SetSRID(ST_MakePoint(121.8016,24.6606),4326),'c0000000-0000-4000-8000-000000000005','2025-10-02 18:00+08','2025-10-02 19:00+08'),
 ('b0000000-0000-4000-8000-000000000008','station',ST_SetSRID(ST_MakePoint(121.8017,24.6607),4326),'c0000000-0000-4000-8000-000000000006','2025-10-03 09:00+08','2025-10-03 09:00+08'),
 ('b0000000-0000-4000-8000-000000000009','station',ST_SetSRID(ST_MakePoint(121.7222,24.7448),4326),'c0000000-0000-4000-8000-000000000007','2025-10-03 08:00+08','2025-10-03 08:00+08');

-- 2B. stations
INSERT INTO stations (uuid, type, name, description, op_hour, level, comment, source, visibility, verification_status, confidence_score, is_duplicate, dedup_group_id, is_temporary, expires_at, is_official, priority_score, updated_by) VALUES
 ('b0000000-0000-4000-8000-000000000001','transport','冬山鄉公所防災接駁站','鄉公所安排接駁車往返羅東轉運站','07:00-19:00',1,NULL,'gov','public','ai_verified',0.60,false,NULL,true,NULL,true,0.60,NULL),
 ('b0000000-0000-4000-8000-000000000002','shelter','冬山國小避難收容所','里民自發協助開設,資訊未必即時','24h',1,'里民回報,更新較慢','user','public','unverified',0.50,false,NULL,true,NULL,false,0.50,NULL),
 ('b0000000-0000-4000-8000-000000000003','shelter','廣興社區活動中心避難點','廣興里自發收容點','24h',0,NULL,'user','public','unverified',0.45,false,NULL,true,NULL,false,0.40,NULL),
 ('b0000000-0000-4000-8000-000000000004','medical','羅東臨時醫療站','羅東端臨時醫療支援','24h',1,NULL,'gov','public','ai_verified',0.65,false,NULL,true,NULL,true,0.70,NULL),
 ('b0000000-0000-4000-8000-000000000005','charge','冬山車站充電服務站','提供手機充電','08:00-20:00',0,NULL,'user','public','unverified',0.40,false,NULL,true,NULL,false,0.35,NULL),
 ('b0000000-0000-4000-8000-000000000006','toilet','親水公園流動廁所','退水後已撤站,但回報未更新','—',0,'水退後已撤站,記錄未更新 (stale)','user','public','unverified',0.30,false,NULL,true,NULL,false,0.20,'c0000000-0000-4000-8000-000000000006'),
 ('b0000000-0000-4000-8000-000000000007','supply','三奇里物資集散點','三奇里長協助設立','08:00-20:00',0,NULL,'user','public','unverified',0.48,false,'dup-sanqi-supply',true,NULL,false,0.45,NULL),
 ('b0000000-0000-4000-8000-000000000008','supply','三奇里物資站 (重複回報)','疑似與三奇里物資集散點為同一站,重複回報','08:00-20:00',0,'與 b…07 疑似重複','user','public','unverified',0.35,true,'dup-sanqi-supply',true,NULL,false,0.30,NULL),
 ('b0000000-0000-4000-8000-000000000009','water','員山鄉加水站','員山端加水點','24h',0,NULL,'user','public','unverified',0.42,false,NULL,true,NULL,false,0.40,NULL);

-- 3B. station_properties (資料較稀疏,反映自發站品質)
INSERT INTO station_properties (uuid, station_uuid, property_type, property_name, quantity, comment, status, weightings, created_by, created_at, updated_at) VALUES
 (gen_random_uuid(),'b0000000-0000-4000-8000-000000000001','service','is_operational',NULL,'true','pending',1.2,'c0000000-0000-4000-8000-000000000005','2025-10-03 08:00+08','2025-10-03 09:00+08'),
 (gen_random_uuid(),'b0000000-0000-4000-8000-000000000001','service','destination',NULL,'羅東轉運站','pending',1.2,'c0000000-0000-4000-8000-000000000005','2025-10-03 08:00+08','2025-10-03 09:00+08'),
 (gen_random_uuid(),'b0000000-0000-4000-8000-000000000001','service','frequency',NULL,'每30分鐘一班','pending',1.2,'c0000000-0000-4000-8000-000000000005','2025-10-03 08:00+08','2025-10-03 09:00+08'),
 (gen_random_uuid(),'b0000000-0000-4000-8000-000000000002','facility','beds_available',20,NULL,'pending',0.8,'c0000000-0000-4000-8000-000000000005','2025-10-03 07:00+08','2025-10-03 07:30+08'),
 (gen_random_uuid(),'b0000000-0000-4000-8000-000000000002','facility','capacity_total',80,NULL,'pending',0.8,'c0000000-0000-4000-8000-000000000005','2025-10-03 07:00+08','2025-10-03 07:30+08'),
 (gen_random_uuid(),'b0000000-0000-4000-8000-000000000003','facility','beds_available',15,NULL,'pending',0.8,'c0000000-0000-4000-8000-000000000006','2025-10-03 06:30+08','2025-10-03 06:30+08'),
 (gen_random_uuid(),'b0000000-0000-4000-8000-000000000004','service','medical_level',NULL,'clinic','pending',1.2,'c0000000-0000-4000-8000-000000000007','2025-10-03 07:00+08','2025-10-03 12:00+08'),
 (gen_random_uuid(),'b0000000-0000-4000-8000-000000000004','service','has_staff',NULL,'true','pending',1.2,'c0000000-0000-4000-8000-000000000007','2025-10-03 07:00+08','2025-10-03 12:00+08'),
 (gen_random_uuid(),'b0000000-0000-4000-8000-000000000004','service','vet_available',NULL,'false','pending',1.2,'c0000000-0000-4000-8000-000000000007','2025-10-03 07:00+08','2025-10-03 12:00+08'),
 (gen_random_uuid(),'b0000000-0000-4000-8000-000000000005','facility','connector_types',NULL,'usb_c,lightning,ac_110v','pending',0.8,'c0000000-0000-4000-8000-000000000006','2025-10-03 08:00+08','2025-10-03 08:30+08'),
 (gen_random_uuid(),'b0000000-0000-4000-8000-000000000005','facility','available_ports',8,NULL,'pending',0.8,'c0000000-0000-4000-8000-000000000006','2025-10-03 08:00+08','2025-10-03 08:30+08'),
 (gen_random_uuid(),'b0000000-0000-4000-8000-000000000006','facility','has_flush',NULL,'false','pending',0.8,'c0000000-0000-4000-8000-000000000006','2025-10-03 06:00+08','2025-10-03 06:00+08'),
 (gen_random_uuid(),'b0000000-0000-4000-8000-000000000007','supply','supply_types',NULL,'food,water,daily_items','pending',1.0,'c0000000-0000-4000-8000-000000000005','2025-10-02 18:00+08','2025-10-02 19:00+08'),
 (gen_random_uuid(),'b0000000-0000-4000-8000-000000000008','supply','supply_types',NULL,'food,water','pending',0.8,'c0000000-0000-4000-8000-000000000006','2025-10-03 09:00+08','2025-10-03 09:00+08'),
 (gen_random_uuid(),'b0000000-0000-4000-8000-000000000009','supply','is_potable',NULL,'true','pending',1.0,'c0000000-0000-4000-8000-000000000007','2025-10-03 08:00+08','2025-10-03 08:00+08'),
 (gen_random_uuid(),'b0000000-0000-4000-8000-000000000009','facility','water_level',NULL,'partial','pending',1.0,'c0000000-0000-4000-8000-000000000007','2025-10-03 08:00+08','2025-10-03 08:00+08');

-- 4B. crowd_sourcing (混亂、負評較多;B06 退站仍被回報、B08 重複)
INSERT INTO crowd_sourcing (uuid, station_uuid, item_uuid, user_uuid, user_credibility_score, rating, n_updates, distance_from_geometry, created_at, updated_at) VALUES
 (gen_random_uuid(),'b0000000-0000-4000-8000-000000000001',NULL,'c0000000-0000-4000-8000-000000000006',25,'up',0,200,'2025-10-03 09:30+08','2025-10-03 09:30+08'),
 (gen_random_uuid(),'b0000000-0000-4000-8000-000000000001',NULL,'fb43b16d-4bca-4a5b-b5d2-f4afe84c1eec',50,'neutral',0,150,'2025-10-03 10:00+08','2025-10-03 10:00+08'),
 (gen_random_uuid(),'b0000000-0000-4000-8000-000000000002',NULL,'c0000000-0000-4000-8000-000000000007',55,'neutral',1,180,'2025-10-03 09:00+08','2025-10-03 13:00+08'),
 (gen_random_uuid(),'b0000000-0000-4000-8000-000000000002',NULL,'c0000000-0000-4000-8000-000000000006',25,'down',0,350,'2025-10-03 11:00+08','2025-10-03 11:00+08'),
 (gen_random_uuid(),'b0000000-0000-4000-8000-000000000003',NULL,'c0000000-0000-4000-8000-000000000006',25,'down',0,420,'2025-10-03 10:30+08','2025-10-03 10:30+08'),
 (gen_random_uuid(),'b0000000-0000-4000-8000-000000000006',NULL,'c0000000-0000-4000-8000-000000000006',25,'down',0,90,'2025-10-03 14:00+08','2025-10-03 14:00+08'),
 (gen_random_uuid(),'b0000000-0000-4000-8000-000000000006',NULL,'419dec1e-6875-412d-a043-83ab7d55a860',50,'down',1,120,'2025-10-03 15:00+08','2025-10-03 16:00+08'),
 (gen_random_uuid(),'b0000000-0000-4000-8000-000000000007',NULL,'c0000000-0000-4000-8000-000000000005',70,'up',0,60,'2025-10-03 09:00+08','2025-10-03 09:00+08'),
 (gen_random_uuid(),'b0000000-0000-4000-8000-000000000008',NULL,'c0000000-0000-4000-8000-000000000006',25,'down',0,80,'2025-10-03 09:30+08','2025-10-03 09:30+08'),
 (gen_random_uuid(),'b0000000-0000-4000-8000-000000000008',NULL,'fb43b16d-4bca-4a5b-b5d2-f4afe84c1eec',50,'neutral',0,75,'2025-10-03 10:15+08','2025-10-03 10:15+08'),
 (gen_random_uuid(),'b0000000-0000-4000-8000-000000000005',NULL,'c0000000-0000-4000-8000-000000000006',25,'up',0,140,'2025-10-03 09:45+08','2025-10-03 09:45+08'),
 (gen_random_uuid(),'b0000000-0000-4000-8000-000000000009',NULL,'c0000000-0000-4000-8000-000000000007',55,'neutral',0,160,'2025-10-03 09:20+08','2025-10-03 09:20+08'),
 (gen_random_uuid(),'b0000000-0000-4000-8000-000000000004',NULL,'c0000000-0000-4000-8000-000000000007',55,'up',0,100,'2025-10-03 12:30+08','2025-10-03 12:30+08');

-- =====================================================================
-- 關聯一致性修正 (F / G / H) — 讓「誰建立→誰更新→誰投票」自洽
-- =====================================================================
-- H. 自評票改派給第三方 user(避開重複投票,credibility 同步更正)
UPDATE crowd_sourcing SET user_uuid='419dec1e-6875-412d-a043-83ab7d55a860', user_credibility_score=50
 WHERE station_uuid='a0000000-0000-4000-8000-000000000004' AND user_uuid='c0000000-0000-4000-8000-000000000003';
UPDATE crowd_sourcing SET user_uuid='fb43b16d-4bca-4a5b-b5d2-f4afe84c1eec', user_credibility_score=50
 WHERE station_uuid='b0000000-0000-4000-8000-000000000003' AND user_uuid='c0000000-0000-4000-8000-000000000006';
UPDATE crowd_sourcing SET user_uuid='fb43b16d-4bca-4a5b-b5d2-f4afe84c1eec', user_credibility_score=50
 WHERE station_uuid='b0000000-0000-4000-8000-000000000004' AND user_uuid='c0000000-0000-4000-8000-000000000007';
UPDATE crowd_sourcing SET user_uuid='c0000000-0000-4000-8000-000000000007', user_credibility_score=55
 WHERE station_uuid='b0000000-0000-4000-8000-000000000005' AND user_uuid='c0000000-0000-4000-8000-000000000006';
UPDATE crowd_sourcing SET user_uuid='fb43b16d-4bca-4a5b-b5d2-f4afe84c1eec', user_credibility_score=50
 WHERE station_uuid='b0000000-0000-4000-8000-000000000006' AND user_uuid='c0000000-0000-4000-8000-000000000006';
UPDATE crowd_sourcing SET user_uuid='c0000000-0000-4000-8000-000000000006', user_credibility_score=25
 WHERE station_uuid='b0000000-0000-4000-8000-000000000007' AND user_uuid='c0000000-0000-4000-8000-000000000005';
UPDATE crowd_sourcing SET user_uuid='419dec1e-6875-412d-a043-83ab7d55a860', user_credibility_score=50
 WHERE station_uuid='b0000000-0000-4000-8000-000000000008' AND user_uuid='c0000000-0000-4000-8000-000000000006';
UPDATE crowd_sourcing SET user_uuid='c0000000-0000-4000-8000-000000000006', user_credibility_score=25
 WHERE station_uuid='b0000000-0000-4000-8000-000000000009' AND user_uuid='c0000000-0000-4000-8000-000000000007';

-- F. B01 接駁站 / B04 醫療站 改掛宜蘭官方帳號(c…08),名實相符
UPDATE base_geometries SET created_by='c0000000-0000-4000-8000-000000000008'
 WHERE uuid IN ('b0000000-0000-4000-8000-000000000001','b0000000-0000-4000-8000-000000000004');
UPDATE station_properties SET created_by='c0000000-0000-4000-8000-000000000008'
 WHERE station_uuid IN ('b0000000-0000-4000-8000-000000000001','b0000000-0000-4000-8000-000000000004');

-- G. updated_at 晚於 created_at 的站,補 updated_by = 維護者(created_by)。須在 F 之後執行。
UPDATE stations s SET updated_by = g.created_by
 FROM base_geometries g
 WHERE s.uuid=g.uuid AND s.uuid::text ~ '^[ab]0000000-'
   AND g.updated_at > g.created_at AND s.updated_by IS NULL;

-- =====================================================================
-- 登入憑證 — 讓 8 個 mock user 能登入 (方式: 真實密碼登入)
-- =====================================================================
-- 明文密碼: Mock1234!   salt_frontend: mockdata12345678 (8 個共用)
--   * UI 登入: 直接輸入 Mock1234!(FE 會做 sha256(明文+salt) 再送)
--   * API 登入: password 欄位送 sha256("Mock1234!"+"mockdata12345678")
--     = 3a88d3527a01c374689c19033f45ecfad25a749ade957b3044591ad30551e79a
-- password_hash 為 pbkdf2_sha256$iters$salt_frontend$salt_backend$hash(8 個共用同一組,皆驗證 Mock1234!)
INSERT INTO user_contacts (uuid, user_uuid, type, value, verified, verified_at, created_at) VALUES
 (gen_random_uuid(),'c0000000-0000-4000-8000-000000000001','email','guanfu.command@mock.test',true,now(),now()),
 (gen_random_uuid(),'c0000000-0000-4000-8000-000000000002','email','tzuchi.vol@mock.test',true,now(),now()),
 (gen_random_uuid(),'c0000000-0000-4000-8000-000000000003','email','aming@mock.test',true,now(),now()),
 (gen_random_uuid(),'c0000000-0000-4000-8000-000000000004','email','xiaomei@mock.test',true,now(),now()),
 (gen_random_uuid(),'c0000000-0000-4000-8000-000000000005','email','sanqi.head@mock.test',true,now(),now()),
 (gen_random_uuid(),'c0000000-0000-4000-8000-000000000006','email','akun@mock.test',true,now(),now()),
 (gen_random_uuid(),'c0000000-0000-4000-8000-000000000007','email','ahua@mock.test',true,now(),now()),
 (gen_random_uuid(),'c0000000-0000-4000-8000-000000000008','email','dongshan.eoc@mock.test',true,now(),now());

INSERT INTO user_identities (uuid, user_uuid, provider, provider_subject, password_hash, created_at)
SELECT gen_random_uuid(), u, 'password', NULL,
       'pbkdf2_sha256$600000$mockdata12345678$22c5f18b05a3da2d9b73ce908b1b0209$2e9aa846631acac187bcd7c2373fe94702ff7d57fdd1af73a7f258dea4c11a4d',
       now()
FROM unnest(ARRAY[
 'c0000000-0000-4000-8000-000000000001','c0000000-0000-4000-8000-000000000002',
 'c0000000-0000-4000-8000-000000000003','c0000000-0000-4000-8000-000000000004',
 'c0000000-0000-4000-8000-000000000005','c0000000-0000-4000-8000-000000000006',
 'c0000000-0000-4000-8000-000000000007','c0000000-0000-4000-8000-000000000008']::uuid[]) AS u;

-- 群組以名稱查 uuid(跨環境可攜,不寫死 group uuid)
INSERT INTO user_group_assign (uuid, user_uuid, group_uuid)
SELECT gen_random_uuid(), u, (SELECT uuid FROM groups WHERE name='Login User')
FROM unnest(ARRAY[
 'c0000000-0000-4000-8000-000000000001','c0000000-0000-4000-8000-000000000002',
 'c0000000-0000-4000-8000-000000000003','c0000000-0000-4000-8000-000000000004',
 'c0000000-0000-4000-8000-000000000005','c0000000-0000-4000-8000-000000000006',
 'c0000000-0000-4000-8000-000000000007','c0000000-0000-4000-8000-000000000008']::uuid[]) AS u;

COMMIT;

-- =====================================================================
-- 驗證 (執行後可單獨跑)
-- =====================================================================
-- SELECT s.type, count(*) FROM stations s GROUP BY s.type ORDER BY 1;
-- SELECT s.name, ST_Y(g.geometry::geometry) lat, ST_X(g.geometry::geometry) lng, s.source
--   FROM stations s JOIN base_geometries g USING (uuid) ORDER BY s.uuid;
