-- =====================================================================
-- Mock data seed v2 — 兩災害情境 (2026-06 spec) ;PR12-ready
-- =====================================================================
-- Scenario A | 花蓮光復泥石流 2024-07-24:站16(分項為準)/users27(志工20+NGO4+官方3)/tickets30(rescue5,hr10,supply8,無7)
-- Scenario B | 宜蘭冬山水災   2025-10-03:站9 /users10(志工4+NGO5+官方1)/tickets8(rescue2,hr3,supply2,無1)
-- 每張 ticket 1–2 個 task;hr task 帶志工認領 (task_assignments)。聯絡欄位混用電話與 LINE ID。
--
-- PR12-ready:tickets.disaster_type / task_assignments.status 用條件式 DO 區塊,
--   欄位存在才寫入 → 部署 PR#11/#12 前後跑同一檔案皆可。
-- UUID 前綴:users=c…、A站=a…、B站=b…、tickets=d…、tasks=e…、assignments=f… (可重跑自清)
-- 登入:全部 37 人,密碼 Mock1234!(salt_frontend=mockdata12345678;
--   API password=sha256('Mock1234!'+salt)=3a88d3527a01c374689c19033f45ecfad25a749ade957b3044591ad30551e79a)
-- Run (local dev):  psql "host=127.0.0.1 port=5432 user=postgres dbname=postgres" \
--                     -f scripts/seed_mock_scenarios.sql
-- Run (staging VM): docker compose -f docker-compose.staging.yml exec -T db \
--                     psql -U postgres -d postgres -v ON_ERROR_STOP=1 < scripts/seed_mock_scenarios.sql
--                   (ON_ERROR_STOP=1 is required: without it psql exits 0 on mid-file errors.)
-- =====================================================================

BEGIN;

-- 0. 清除既有 seed(依前綴,可重跑)
DELETE FROM task_assignments WHERE uuid::text LIKE 'f0000000-%' OR task_uuid::text LIKE 'e0000000-%';
DELETE FROM task_properties WHERE task_uuid::text LIKE 'e0000000-%';
DELETE FROM ticket_tasks WHERE uuid::text LIKE 'e0000000-%';
DELETE FROM tickets WHERE uuid::text LIKE 'd0000000-%';
DELETE FROM crowd_sourcing WHERE station_uuid::text LIKE 'a0000000-%' OR station_uuid::text LIKE 'b0000000-%';
DELETE FROM station_properties WHERE station_uuid::text LIKE 'a0000000-%' OR station_uuid::text LIKE 'b0000000-%';
DELETE FROM stations WHERE uuid::text LIKE 'a0000000-%' OR uuid::text LIKE 'b0000000-%';
DELETE FROM base_geometries WHERE uuid::text LIKE 'a0000000-%' OR uuid::text LIKE 'b0000000-%' OR uuid::text LIKE 'd0000000-%';
DELETE FROM user_group_assign WHERE user_uuid::text LIKE 'c0000000-%';
DELETE FROM user_identities WHERE user_uuid::text LIKE 'c0000000-%';
DELETE FROM user_contacts WHERE user_uuid::text LIKE 'c0000000-%';
DELETE FROM users WHERE uuid::text LIKE 'c0000000-%';

-- 1. USERS — 37 人(A:志工20+NGO4+官方3;B:志工4+NGO5+官方1)
INSERT INTO users (uuid, name, credibility_score, created_at, updated_at) VALUES
 ('c0000000-0000-4000-8000-000000000001', '志工-陳冠宇', 55, '2024-07-23 08:00+08', '2024-07-23 08:00+08'),
 ('c0000000-0000-4000-8000-000000000002', '志工-林雅婷', 38, '2024-07-23 08:00+08', '2024-07-23 08:00+08'),
 ('c0000000-0000-4000-8000-000000000003', '志工-黃建宏', 35, '2024-07-23 08:00+08', '2024-07-23 08:00+08'),
 ('c0000000-0000-4000-8000-000000000004', '志工-張淑芬', 58, '2024-07-23 08:00+08', '2024-07-23 08:00+08'),
 ('c0000000-0000-4000-8000-000000000005', '志工-李俊賢', 43, '2024-07-23 08:00+08', '2024-07-23 08:00+08'),
 ('c0000000-0000-4000-8000-000000000006', '志工-吳佩珊', 42, '2024-07-23 08:00+08', '2024-07-23 08:00+08'),
 ('c0000000-0000-4000-8000-000000000007', '志工-劉家豪', 42, '2024-07-23 08:00+08', '2024-07-23 08:00+08'),
 ('c0000000-0000-4000-8000-000000000008', '志工-蔡欣怡', 39, '2024-07-23 08:00+08', '2024-07-23 08:00+08'),
 ('c0000000-0000-4000-8000-000000000009', '志工-楊宗翰', 58, '2024-07-23 08:00+08', '2024-07-23 08:00+08'),
 ('c0000000-0000-4000-8000-000000000010', '志工-許美玲', 38, '2024-07-23 08:00+08', '2024-07-23 08:00+08'),
 ('c0000000-0000-4000-8000-000000000011', '志工-鄭文傑', 56, '2024-07-23 08:00+08', '2024-07-23 08:00+08'),
 ('c0000000-0000-4000-8000-000000000012', '志工-謝雅雯', 58, '2024-07-23 08:00+08', '2024-07-23 08:00+08'),
 ('c0000000-0000-4000-8000-000000000013', '志工-洪志強', 63, '2024-07-23 08:00+08', '2024-07-23 08:00+08'),
 ('c0000000-0000-4000-8000-000000000014', '志工-郭怡君', 52, '2024-07-23 08:00+08', '2024-07-23 08:00+08'),
 ('c0000000-0000-4000-8000-000000000015', '志工-曾國銘', 37, '2024-07-23 08:00+08', '2024-07-23 08:00+08'),
 ('c0000000-0000-4000-8000-000000000016', '志工-邱詩涵', 53, '2024-07-23 08:00+08', '2024-07-23 08:00+08'),
 ('c0000000-0000-4000-8000-000000000017', '志工-賴建志', 48, '2024-07-23 08:00+08', '2024-07-23 08:00+08'),
 ('c0000000-0000-4000-8000-000000000018', '志工-周淑惠', 36, '2024-07-23 08:00+08', '2024-07-23 08:00+08'),
 ('c0000000-0000-4000-8000-000000000019', '志工-簡嘉文', 35, '2024-07-23 08:00+08', '2024-07-23 08:00+08'),
 ('c0000000-0000-4000-8000-000000000020', '志工-葉芳如', 37, '2024-07-23 08:00+08', '2024-07-23 08:00+08'),
 ('c0000000-0000-4000-8000-000000000021', '慈濟基金會-花蓮聯絡處', 81, '2024-07-22 08:00+08', '2024-07-22 08:00+08'),
 ('c0000000-0000-4000-8000-000000000022', '紅十字會-花蓮支會', 81, '2024-07-22 08:00+08', '2024-07-22 08:00+08'),
 ('c0000000-0000-4000-8000-000000000023', '世界展望會-東區辦事處', 86, '2024-07-22 08:00+08', '2024-07-22 08:00+08'),
 ('c0000000-0000-4000-8000-000000000024', '法鼓山慈善基金會', 87, '2024-07-22 08:00+08', '2024-07-22 08:00+08'),
 ('c0000000-0000-4000-8000-000000000025', '光復鄉公所-災防課', 85, '2024-07-22 08:00+08', '2024-07-22 08:00+08'),
 ('c0000000-0000-4000-8000-000000000026', '花蓮縣消防局-鳳林大隊', 93, '2024-07-22 08:00+08', '2024-07-22 08:00+08'),
 ('c0000000-0000-4000-8000-000000000027', '光復鄉大同村村長', 88, '2024-07-22 08:00+08', '2024-07-22 08:00+08'),
 ('c0000000-0000-4000-8000-000000000028', '志工-江明翰', 57, '2025-10-02 18:00+08', '2025-10-02 18:00+08'),
 ('c0000000-0000-4000-8000-000000000029', '志工-蘇怡靜', 55, '2025-10-02 18:00+08', '2025-10-02 18:00+08'),
 ('c0000000-0000-4000-8000-000000000030', '志工-范植偉', 57, '2025-10-02 18:00+08', '2025-10-02 18:00+08'),
 ('c0000000-0000-4000-8000-000000000031', '志工-彭麗華', 52, '2025-10-02 18:00+08', '2025-10-02 18:00+08'),
 ('c0000000-0000-4000-8000-000000000032', '慈濟基金會-羅東聯絡處', 84, '2025-10-01 09:00+08', '2025-10-01 09:00+08'),
 ('c0000000-0000-4000-8000-000000000033', '紅十字會-宜蘭支會', 81, '2025-10-01 09:00+08', '2025-10-01 09:00+08'),
 ('c0000000-0000-4000-8000-000000000034', '宜蘭縣社福聯盟', 85, '2025-10-01 09:00+08', '2025-10-01 09:00+08'),
 ('c0000000-0000-4000-8000-000000000035', '佛光山蘭陽別院', 87, '2025-10-01 09:00+08', '2025-10-01 09:00+08'),
 ('c0000000-0000-4000-8000-000000000036', '善牧基金會-宜蘭', 82, '2025-10-01 09:00+08', '2025-10-01 09:00+08'),
 ('c0000000-0000-4000-8000-000000000037', '冬山鄉公所-民政課', 85, '2025-10-01 09:00+08', '2025-10-01 09:00+08');

-- 1b. 登入憑證(email+密碼 Mock1234!+Login User 群組)
INSERT INTO user_contacts (uuid, user_uuid, type, value, verified, verified_at, created_at) VALUES
 (gen_random_uuid(), 'c0000000-0000-4000-8000-000000000001', 'email', 'avol01@mock.test', true, now(), now()),
 (gen_random_uuid(), 'c0000000-0000-4000-8000-000000000002', 'email', 'avol02@mock.test', true, now(), now()),
 (gen_random_uuid(), 'c0000000-0000-4000-8000-000000000003', 'email', 'avol03@mock.test', true, now(), now()),
 (gen_random_uuid(), 'c0000000-0000-4000-8000-000000000004', 'email', 'avol04@mock.test', true, now(), now()),
 (gen_random_uuid(), 'c0000000-0000-4000-8000-000000000005', 'email', 'avol05@mock.test', true, now(), now()),
 (gen_random_uuid(), 'c0000000-0000-4000-8000-000000000006', 'email', 'avol06@mock.test', true, now(), now()),
 (gen_random_uuid(), 'c0000000-0000-4000-8000-000000000007', 'email', 'avol07@mock.test', true, now(), now()),
 (gen_random_uuid(), 'c0000000-0000-4000-8000-000000000008', 'email', 'avol08@mock.test', true, now(), now()),
 (gen_random_uuid(), 'c0000000-0000-4000-8000-000000000009', 'email', 'avol09@mock.test', true, now(), now()),
 (gen_random_uuid(), 'c0000000-0000-4000-8000-000000000010', 'email', 'avol10@mock.test', true, now(), now()),
 (gen_random_uuid(), 'c0000000-0000-4000-8000-000000000011', 'email', 'avol11@mock.test', true, now(), now()),
 (gen_random_uuid(), 'c0000000-0000-4000-8000-000000000012', 'email', 'avol12@mock.test', true, now(), now()),
 (gen_random_uuid(), 'c0000000-0000-4000-8000-000000000013', 'email', 'avol13@mock.test', true, now(), now()),
 (gen_random_uuid(), 'c0000000-0000-4000-8000-000000000014', 'email', 'avol14@mock.test', true, now(), now()),
 (gen_random_uuid(), 'c0000000-0000-4000-8000-000000000015', 'email', 'avol15@mock.test', true, now(), now()),
 (gen_random_uuid(), 'c0000000-0000-4000-8000-000000000016', 'email', 'avol16@mock.test', true, now(), now()),
 (gen_random_uuid(), 'c0000000-0000-4000-8000-000000000017', 'email', 'avol17@mock.test', true, now(), now()),
 (gen_random_uuid(), 'c0000000-0000-4000-8000-000000000018', 'email', 'avol18@mock.test', true, now(), now()),
 (gen_random_uuid(), 'c0000000-0000-4000-8000-000000000019', 'email', 'avol19@mock.test', true, now(), now()),
 (gen_random_uuid(), 'c0000000-0000-4000-8000-000000000020', 'email', 'avol20@mock.test', true, now(), now()),
 (gen_random_uuid(), 'c0000000-0000-4000-8000-000000000021', 'email', 'ango01@mock.test', true, now(), now()),
 (gen_random_uuid(), 'c0000000-0000-4000-8000-000000000022', 'email', 'ango02@mock.test', true, now(), now()),
 (gen_random_uuid(), 'c0000000-0000-4000-8000-000000000023', 'email', 'ango03@mock.test', true, now(), now()),
 (gen_random_uuid(), 'c0000000-0000-4000-8000-000000000024', 'email', 'ango04@mock.test', true, now(), now()),
 (gen_random_uuid(), 'c0000000-0000-4000-8000-000000000025', 'email', 'agov01@mock.test', true, now(), now()),
 (gen_random_uuid(), 'c0000000-0000-4000-8000-000000000026', 'email', 'agov02@mock.test', true, now(), now()),
 (gen_random_uuid(), 'c0000000-0000-4000-8000-000000000027', 'email', 'agov03@mock.test', true, now(), now()),
 (gen_random_uuid(), 'c0000000-0000-4000-8000-000000000028', 'email', 'bvol01@mock.test', true, now(), now()),
 (gen_random_uuid(), 'c0000000-0000-4000-8000-000000000029', 'email', 'bvol02@mock.test', true, now(), now()),
 (gen_random_uuid(), 'c0000000-0000-4000-8000-000000000030', 'email', 'bvol03@mock.test', true, now(), now()),
 (gen_random_uuid(), 'c0000000-0000-4000-8000-000000000031', 'email', 'bvol04@mock.test', true, now(), now()),
 (gen_random_uuid(), 'c0000000-0000-4000-8000-000000000032', 'email', 'bngo01@mock.test', true, now(), now()),
 (gen_random_uuid(), 'c0000000-0000-4000-8000-000000000033', 'email', 'bngo02@mock.test', true, now(), now()),
 (gen_random_uuid(), 'c0000000-0000-4000-8000-000000000034', 'email', 'bngo03@mock.test', true, now(), now()),
 (gen_random_uuid(), 'c0000000-0000-4000-8000-000000000035', 'email', 'bngo04@mock.test', true, now(), now()),
 (gen_random_uuid(), 'c0000000-0000-4000-8000-000000000036', 'email', 'bngo05@mock.test', true, now(), now()),
 (gen_random_uuid(), 'c0000000-0000-4000-8000-000000000037', 'email', 'bgov01@mock.test', true, now(), now());
INSERT INTO user_identities (uuid, user_uuid, provider, provider_subject, password_hash, created_at)
SELECT gen_random_uuid(), u.uuid, 'password', NULL, 'pbkdf2_sha256$600000$mockdata12345678$22c5f18b05a3da2d9b73ce908b1b0209$2e9aa846631acac187bcd7c2373fe94702ff7d57fdd1af73a7f258dea4c11a4d', now()
FROM users u WHERE u.uuid::text LIKE 'c0000000-%';
INSERT INTO user_group_assign (uuid, user_uuid, group_uuid)
SELECT gen_random_uuid(), u.uuid, (SELECT uuid FROM groups WHERE name='Login User')
FROM users u WHERE u.uuid::text LIKE 'c0000000-%';

-- 2. STATIONS — base_geometries + stations + EAV + 投票
INSERT INTO base_geometries (uuid, property_name, geometry, created_by, created_at, updated_at) VALUES
 ('a0000000-0000-4000-8000-000000000001','station',ST_SetSRID(ST_MakePoint(121.4219,23.6696),4326),'c0000000-0000-4000-8000-000000000025','2024-07-24 07:30+08','2024-07-24 16:00+08'),
 ('a0000000-0000-4000-8000-000000000002','station',ST_SetSRID(ST_MakePoint(121.4232,23.6668),4326),'c0000000-0000-4000-8000-000000000025','2024-07-24 07:40+08','2024-07-24 15:30+08'),
 ('a0000000-0000-4000-8000-000000000003','station',ST_SetSRID(ST_MakePoint(121.4152,23.6748),4326),'c0000000-0000-4000-8000-000000000021','2024-07-24 08:10+08','2024-07-24 15:00+08'),
 ('a0000000-0000-4000-8000-000000000004','station',ST_SetSRID(ST_MakePoint(121.4275,23.6585),4326),'c0000000-0000-4000-8000-000000000001','2024-07-24 11:20+08','2024-07-24 11:20+08'),
 ('a0000000-0000-4000-8000-000000000005','station',ST_SetSRID(ST_MakePoint(121.4206,23.6686),4326),'c0000000-0000-4000-8000-000000000025','2024-07-24 07:35+08','2024-07-24 14:00+08'),
 ('a0000000-0000-4000-8000-000000000006','station',ST_SetSRID(ST_MakePoint(121.4052,23.5902),4326),'c0000000-0000-4000-8000-000000000022','2024-07-24 09:00+08','2024-07-24 14:30+08'),
 ('a0000000-0000-4000-8000-000000000007','station',ST_SetSRID(ST_MakePoint(121.4382,23.6608),4326),'c0000000-0000-4000-8000-000000000021','2024-07-24 09:20+08','2024-07-24 13:40+08'),
 ('a0000000-0000-4000-8000-000000000008','station',ST_SetSRID(ST_MakePoint(121.4222,23.6712),4326),'c0000000-0000-4000-8000-000000000026','2024-07-24 07:50+08','2024-07-24 16:10+08'),
 ('a0000000-0000-4000-8000-000000000009','station',ST_SetSRID(ST_MakePoint(121.3772,23.4978),4326),'c0000000-0000-4000-8000-000000000026','2024-07-24 08:30+08','2024-07-24 14:50+08'),
 ('a0000000-0000-4000-8000-000000000010','station',ST_SetSRID(ST_MakePoint(121.4248,23.6652),4326),'c0000000-0000-4000-8000-000000000023','2024-07-24 10:00+08','2024-07-24 17:00+08'),
 ('a0000000-0000-4000-8000-000000000011','station',ST_SetSRID(ST_MakePoint(121.4522,23.7452),4326),'c0000000-0000-4000-8000-000000000023','2024-07-24 10:30+08','2024-07-24 16:40+08'),
 ('a0000000-0000-4000-8000-000000000012','station',ST_SetSRID(ST_MakePoint(121.4212,23.6702),4326),'c0000000-0000-4000-8000-000000000025','2024-07-24 06:50+08','2024-07-24 17:20+08'),
 ('a0000000-0000-4000-8000-000000000013','station',ST_SetSRID(ST_MakePoint(121.4228,23.6678),4326),'c0000000-0000-4000-8000-000000000021','2024-07-24 07:10+08','2024-07-24 17:10+08'),
 ('a0000000-0000-4000-8000-000000000014','station',ST_SetSRID(ST_MakePoint(121.4262,23.6662),4326),'c0000000-0000-4000-8000-000000000025','2024-07-24 06:40+08','2024-07-24 18:00+08'),
 ('a0000000-0000-4000-8000-000000000015','station',ST_SetSRID(ST_MakePoint(121.4532,23.7442),4326),'c0000000-0000-4000-8000-000000000022','2024-07-24 09:50+08','2024-07-24 16:20+08'),
 ('a0000000-0000-4000-8000-000000000016','station',ST_SetSRID(ST_MakePoint(121.4188,23.6722),4326),'c0000000-0000-4000-8000-000000000025','2024-07-24 08:00+08','2024-07-24 15:40+08'),
 ('b0000000-0000-4000-8000-000000000001','station',ST_SetSRID(ST_MakePoint(121.7922,24.6372),4326),'c0000000-0000-4000-8000-000000000037','2025-10-03 08:00+08','2025-10-03 09:00+08'),
 ('b0000000-0000-4000-8000-000000000002','station',ST_SetSRID(ST_MakePoint(121.7906,24.6346),4326),'c0000000-0000-4000-8000-000000000028','2025-10-03 07:00+08','2025-10-03 07:30+08'),
 ('b0000000-0000-4000-8000-000000000003','station',ST_SetSRID(ST_MakePoint(121.7788,24.6228),4326),'c0000000-0000-4000-8000-000000000029','2025-10-03 06:30+08','2025-10-03 06:30+08'),
 ('b0000000-0000-4000-8000-000000000004','station',ST_SetSRID(ST_MakePoint(121.7668,24.677),4326),'c0000000-0000-4000-8000-000000000032','2025-10-03 07:00+08','2025-10-03 12:00+08'),
 ('b0000000-0000-4000-8000-000000000005','station',ST_SetSRID(ST_MakePoint(121.792,24.634),4326),'c0000000-0000-4000-8000-000000000030','2025-10-03 08:00+08','2025-10-03 08:30+08'),
 ('b0000000-0000-4000-8000-000000000006','station',ST_SetSRID(ST_MakePoint(121.7968,24.642),4326),'c0000000-0000-4000-8000-000000000030','2025-10-03 06:00+08','2025-10-03 06:00+08'),
 ('b0000000-0000-4000-8000-000000000007','station',ST_SetSRID(ST_MakePoint(121.8016,24.6606),4326),'c0000000-0000-4000-8000-000000000031','2025-10-02 18:00+08','2025-10-02 19:00+08'),
 ('b0000000-0000-4000-8000-000000000008','station',ST_SetSRID(ST_MakePoint(121.8017,24.6607),4326),'c0000000-0000-4000-8000-000000000030','2025-10-03 09:00+08','2025-10-03 09:00+08'),
 ('b0000000-0000-4000-8000-000000000009','station',ST_SetSRID(ST_MakePoint(121.7222,24.7448),4326),'c0000000-0000-4000-8000-000000000029','2025-10-03 08:00+08','2025-10-03 08:00+08');

INSERT INTO stations (uuid, type, name, description, op_hour, level, comment, source, visibility, verification_status, confidence_score, is_duplicate, dedup_group_id, is_temporary, expires_at, is_official, priority_score, updated_by) VALUES
 ('a0000000-0000-4000-8000-000000000001','supply','光復鄉公所前進物資集散站','凱米颱風後設立之主要物資集散點,供應台九線中斷區受困聚落','24h',2,'官方主站,物資充足','gov','public','human_verified',0.92,false,NULL,true,'2024-08-31 23:59+08',true,0.88,'c0000000-0000-4000-8000-000000000025'),
 ('a0000000-0000-4000-8000-000000000002','supply','光復國小物資發放站','設於光復國小操場,集中發放食物與民生物資','24h',1,NULL,'gov','public','human_verified',0.9,false,NULL,true,'2024-08-31 23:59+08',true,0.8,'c0000000-0000-4000-8000-000000000025'),
 ('a0000000-0000-4000-8000-000000000003','supply','馬太鞍部落物資站','馬太鞍部落自救會與公所合作設立','06:00-22:00',1,NULL,'gov','public','ai_verified',0.85,false,NULL,true,'2024-08-31 23:59+08',true,0.7,'c0000000-0000-4000-8000-000000000021'),
 ('a0000000-0000-4000-8000-000000000004','supply','大農社區自發物資點',NULL,'unknown',0,'居民自發回報,資料不完整,現場已滿載','user','public','unverified',0.45,false,NULL,true,NULL,false,0.4,'c0000000-0000-4000-8000-000000000001'),
 ('a0000000-0000-4000-8000-000000000005','toilet','光復車站流動廁所區','車站旁臨時流動廁所,土石中斷期間無自來水','24h',0,NULL,'gov','public','human_verified',0.88,false,NULL,true,'2024-08-31 23:59+08',true,0.6,'c0000000-0000-4000-8000-000000000025'),
 ('a0000000-0000-4000-8000-000000000006','toilet','大富火車站公廁','大富車站旁公廁,供南段受困居民使用','24h',0,NULL,'gov','public','ai_verified',0.8,false,NULL,true,'2024-08-31 23:59+08',true,0.5,'c0000000-0000-4000-8000-000000000022'),
 ('a0000000-0000-4000-8000-000000000007','toilet','太巴塱活動中心廁所','太巴塱部落活動中心,可沖水','06:00-22:00',0,NULL,'gov','public','ai_verified',0.82,false,NULL,true,'2024-08-31 23:59+08',true,0.5,'c0000000-0000-4000-8000-000000000021'),
 ('a0000000-0000-4000-8000-000000000008','water','光復淨水加水點','軍方水車駐點供應飲用水','24h',1,NULL,'gov','public','human_verified',0.9,false,NULL,true,'2024-08-31 23:59+08',true,0.75,'c0000000-0000-4000-8000-000000000026'),
 ('a0000000-0000-4000-8000-000000000009','water','瑞穗鄉公所加水站','瑞穗端加水點,供南段聚落','08:00-20:00',0,NULL,'gov','public','ai_verified',0.85,false,NULL,true,'2024-08-31 23:59+08',true,0.65,'c0000000-0000-4000-8000-000000000026'),
 ('a0000000-0000-4000-8000-000000000010','shower','光復國中洗澡點','設置簡易淋浴間,提供熱水','16:00-22:00',0,NULL,'gov','public','human_verified',0.86,false,NULL,true,'2024-08-31 23:59+08',true,0.6,'c0000000-0000-4000-8000-000000000023'),
 ('a0000000-0000-4000-8000-000000000011','shower','鳳林鎮立體育館洗澡點','鳳林端淋浴設施','17:00-21:00',0,NULL,'gov','public','ai_verified',0.8,false,NULL,true,'2024-08-31 23:59+08',true,0.55,'c0000000-0000-4000-8000-000000000023'),
 ('a0000000-0000-4000-8000-000000000012','medical','光復鄉衛生所醫療站','24 小時醫療站,具門診與藥局','24h',2,'官方主醫療站','gov','public','human_verified',0.94,false,NULL,true,'2024-08-31 23:59+08',true,0.9,'c0000000-0000-4000-8000-000000000025'),
 ('a0000000-0000-4000-8000-000000000013','medical','慈濟人醫會醫療站','慈濟人醫會行動醫療,提供急救與義診','24h',2,NULL,'gov','public','human_verified',0.9,false,NULL,true,'2024-08-31 23:59+08',true,0.85,'c0000000-0000-4000-8000-000000000021'),
 ('a0000000-0000-4000-8000-000000000014','shelter','光復商工避難收容所','主要收容中心,孤立人口大量湧入,目前已滿載','24h',2,'已滿載,床位為 0,群眾回報擁擠','gov','public','human_verified',0.88,false,NULL,true,'2024-08-31 23:59+08',true,0.8,'c0000000-0000-4000-8000-000000000025'),
 ('a0000000-0000-4000-8000-000000000015','shelter','鳳林國小避難所','鳳林端收容點,尚有空床','24h',1,NULL,'gov','public','ai_verified',0.84,false,NULL,true,'2024-08-31 23:59+08',true,0.7,'c0000000-0000-4000-8000-000000000022'),
 ('a0000000-0000-4000-8000-000000000016','gas_station','光復中油加油站','維持供油,救災車輛優先','06:00-20:00',0,NULL,'gov','public','ai_verified',0.82,false,NULL,true,'2024-08-31 23:59+08',true,0.6,'c0000000-0000-4000-8000-000000000025'),
 ('b0000000-0000-4000-8000-000000000001','transport','冬山鄉公所防災接駁站','鄉公所安排接駁車往返羅東轉運站','07:00-19:00',1,NULL,'gov','public','ai_verified',0.6,false,NULL,true,NULL,true,0.6,'c0000000-0000-4000-8000-000000000037'),
 ('b0000000-0000-4000-8000-000000000002','shelter','冬山國小避難收容所','里民自發協助開設,資訊未必即時','24h',1,'里民回報,更新較慢','user','public','unverified',0.5,false,NULL,true,NULL,false,0.5,'c0000000-0000-4000-8000-000000000028'),
 ('b0000000-0000-4000-8000-000000000003','shelter','廣興社區活動中心避難點','廣興里自發收容點','24h',0,NULL,'user','public','unverified',0.45,false,NULL,true,NULL,false,0.4,'c0000000-0000-4000-8000-000000000029'),
 ('b0000000-0000-4000-8000-000000000004','medical','羅東臨時醫療站','羅東端臨時醫療支援','24h',1,NULL,'gov','public','ai_verified',0.65,false,NULL,true,NULL,true,0.7,'c0000000-0000-4000-8000-000000000032'),
 ('b0000000-0000-4000-8000-000000000005','charge','冬山車站充電服務站','提供手機充電','08:00-20:00',0,NULL,'user','public','unverified',0.4,false,NULL,true,NULL,false,0.35,'c0000000-0000-4000-8000-000000000030'),
 ('b0000000-0000-4000-8000-000000000006','toilet','親水公園流動廁所','退水後已撤站,但回報未更新','—',0,'水退後已撤站,記錄未更新 (stale)','user','public','unverified',0.3,false,NULL,true,NULL,false,0.2,'c0000000-0000-4000-8000-000000000030'),
 ('b0000000-0000-4000-8000-000000000007','supply','三奇里物資集散點','三奇里長協助設立','08:00-20:00',0,NULL,'user','public','unverified',0.48,false,'dup-sanqi-supply',true,NULL,false,0.45,'c0000000-0000-4000-8000-000000000031'),
 ('b0000000-0000-4000-8000-000000000008','supply','三奇里物資站 (重複回報)','疑似與三奇里物資集散點為同一站,重複回報','08:00-20:00',0,'與 b…07 疑似重複','user','public','unverified',0.35,true,'dup-sanqi-supply',true,NULL,false,0.3,'c0000000-0000-4000-8000-000000000030'),
 ('b0000000-0000-4000-8000-000000000009','water','員山鄉加水站','員山端加水點','24h',0,NULL,'user','public','unverified',0.42,false,NULL,true,NULL,false,0.4,'c0000000-0000-4000-8000-000000000029');

INSERT INTO station_properties (uuid, station_uuid, property_type, property_name, quantity, comment, status, weightings, created_by, created_at, updated_at) VALUES
 (gen_random_uuid(),'a0000000-0000-4000-8000-000000000001','supply','supply_types',NULL,'food,water,daily_items,repair_tool','verified',1.5,'c0000000-0000-4000-8000-000000000025','2024-07-24 07:30+08','2024-07-24 16:00+08'),
 (gen_random_uuid(),'a0000000-0000-4000-8000-000000000001','supply','supply_rationed',NULL,'false','verified',1.5,'c0000000-0000-4000-8000-000000000025','2024-07-24 07:30+08','2024-07-24 16:00+08'),
 (gen_random_uuid(),'a0000000-0000-4000-8000-000000000002','supply','supply_types',NULL,'food,water,medicine,daily_items','verified',1.5,'c0000000-0000-4000-8000-000000000025','2024-07-24 07:40+08','2024-07-24 15:30+08'),
 (gen_random_uuid(),'a0000000-0000-4000-8000-000000000003','supply','supply_types',NULL,'food,water,daily_items','verified',1.5,'c0000000-0000-4000-8000-000000000021','2024-07-24 08:10+08','2024-07-24 15:00+08'),
 (gen_random_uuid(),'a0000000-0000-4000-8000-000000000003','supply','supply_rationed',NULL,'true','verified',1.5,'c0000000-0000-4000-8000-000000000021','2024-07-24 08:10+08','2024-07-24 15:00+08'),
 (gen_random_uuid(),'a0000000-0000-4000-8000-000000000003','supply','supply_condition',NULL,'每戶限領一份','verified',1.5,'c0000000-0000-4000-8000-000000000021','2024-07-24 08:10+08','2024-07-24 15:00+08'),
 (gen_random_uuid(),'a0000000-0000-4000-8000-000000000004','supply','supply_types',NULL,'food,water','pending',1.0,'c0000000-0000-4000-8000-000000000001','2024-07-24 11:20+08','2024-07-24 11:20+08'),
 (gen_random_uuid(),'a0000000-0000-4000-8000-000000000005','facility','has_flush',NULL,'false','verified',1.5,'c0000000-0000-4000-8000-000000000025','2024-07-24 07:35+08','2024-07-24 14:00+08'),
 (gen_random_uuid(),'a0000000-0000-4000-8000-000000000006','facility','has_flush',NULL,'false','verified',1.5,'c0000000-0000-4000-8000-000000000022','2024-07-24 09:00+08','2024-07-24 14:30+08'),
 (gen_random_uuid(),'a0000000-0000-4000-8000-000000000007','facility','has_flush',NULL,'true','verified',1.5,'c0000000-0000-4000-8000-000000000021','2024-07-24 09:20+08','2024-07-24 13:40+08'),
 (gen_random_uuid(),'a0000000-0000-4000-8000-000000000008','supply','is_potable',NULL,'true','verified',1.5,'c0000000-0000-4000-8000-000000000026','2024-07-24 07:50+08','2024-07-24 16:10+08'),
 (gen_random_uuid(),'a0000000-0000-4000-8000-000000000008','facility','water_level',NULL,'full','verified',1.5,'c0000000-0000-4000-8000-000000000026','2024-07-24 07:50+08','2024-07-24 16:10+08'),
 (gen_random_uuid(),'a0000000-0000-4000-8000-000000000009','supply','is_potable',NULL,'true','verified',1.5,'c0000000-0000-4000-8000-000000000026','2024-07-24 08:30+08','2024-07-24 14:50+08'),
 (gen_random_uuid(),'a0000000-0000-4000-8000-000000000009','facility','water_level',NULL,'partial','verified',1.5,'c0000000-0000-4000-8000-000000000026','2024-07-24 08:30+08','2024-07-24 14:50+08'),
 (gen_random_uuid(),'a0000000-0000-4000-8000-000000000010','facility','gender_limit',NULL,'mixed','verified',1.5,'c0000000-0000-4000-8000-000000000023','2024-07-24 10:00+08','2024-07-24 17:00+08'),
 (gen_random_uuid(),'a0000000-0000-4000-8000-000000000010','facility','has_hot_water',NULL,'true','verified',1.5,'c0000000-0000-4000-8000-000000000023','2024-07-24 10:00+08','2024-07-24 17:00+08'),
 (gen_random_uuid(),'a0000000-0000-4000-8000-000000000011','facility','gender_limit',NULL,'female_only','verified',1.5,'c0000000-0000-4000-8000-000000000023','2024-07-24 10:30+08','2024-07-24 16:40+08'),
 (gen_random_uuid(),'a0000000-0000-4000-8000-000000000011','facility','has_hot_water',NULL,'true','verified',1.5,'c0000000-0000-4000-8000-000000000023','2024-07-24 10:30+08','2024-07-24 16:40+08'),
 (gen_random_uuid(),'a0000000-0000-4000-8000-000000000012','service','medical_level',NULL,'clinic','verified',1.5,'c0000000-0000-4000-8000-000000000025','2024-07-24 06:50+08','2024-07-24 17:20+08'),
 (gen_random_uuid(),'a0000000-0000-4000-8000-000000000012','service','has_staff',NULL,'true','verified',1.5,'c0000000-0000-4000-8000-000000000025','2024-07-24 06:50+08','2024-07-24 17:20+08'),
 (gen_random_uuid(),'a0000000-0000-4000-8000-000000000012','service','vet_available',NULL,'false','verified',1.5,'c0000000-0000-4000-8000-000000000025','2024-07-24 06:50+08','2024-07-24 17:20+08'),
 (gen_random_uuid(),'a0000000-0000-4000-8000-000000000012','service','specialties',NULL,'trauma,pharmacy','verified',1.5,'c0000000-0000-4000-8000-000000000025','2024-07-24 06:50+08','2024-07-24 17:20+08'),
 (gen_random_uuid(),'a0000000-0000-4000-8000-000000000012','service','capacity_available',30,NULL,'verified',1.5,'c0000000-0000-4000-8000-000000000025','2024-07-24 06:50+08','2024-07-24 17:20+08'),
 (gen_random_uuid(),'a0000000-0000-4000-8000-000000000013','service','medical_level',NULL,'first_aid','verified',1.5,'c0000000-0000-4000-8000-000000000021','2024-07-24 07:10+08','2024-07-24 17:10+08'),
 (gen_random_uuid(),'a0000000-0000-4000-8000-000000000013','service','has_staff',NULL,'true','verified',1.5,'c0000000-0000-4000-8000-000000000021','2024-07-24 07:10+08','2024-07-24 17:10+08'),
 (gen_random_uuid(),'a0000000-0000-4000-8000-000000000013','service','vet_available',NULL,'false','verified',1.5,'c0000000-0000-4000-8000-000000000021','2024-07-24 07:10+08','2024-07-24 17:10+08'),
 (gen_random_uuid(),'a0000000-0000-4000-8000-000000000013','service','specialties',NULL,'trauma,pediatric','verified',1.5,'c0000000-0000-4000-8000-000000000021','2024-07-24 07:10+08','2024-07-24 17:10+08'),
 (gen_random_uuid(),'a0000000-0000-4000-8000-000000000014','facility','beds_available',0,NULL,'verified',1.5,'c0000000-0000-4000-8000-000000000025','2024-07-24 06:40+08','2024-07-24 18:00+08'),
 (gen_random_uuid(),'a0000000-0000-4000-8000-000000000014','facility','capacity_total',200,NULL,'verified',1.5,'c0000000-0000-4000-8000-000000000025','2024-07-24 06:40+08','2024-07-24 18:00+08'),
 (gen_random_uuid(),'a0000000-0000-4000-8000-000000000014','service','has_medical_support',NULL,'true','verified',1.5,'c0000000-0000-4000-8000-000000000025','2024-07-24 06:40+08','2024-07-24 18:00+08'),
 (gen_random_uuid(),'a0000000-0000-4000-8000-000000000015','facility','beds_available',45,NULL,'verified',1.5,'c0000000-0000-4000-8000-000000000022','2024-07-24 09:50+08','2024-07-24 16:20+08'),
 (gen_random_uuid(),'a0000000-0000-4000-8000-000000000015','facility','capacity_total',150,NULL,'verified',1.5,'c0000000-0000-4000-8000-000000000022','2024-07-24 09:50+08','2024-07-24 16:20+08'),
 (gen_random_uuid(),'a0000000-0000-4000-8000-000000000015','service','has_medical_support',NULL,'false','verified',1.5,'c0000000-0000-4000-8000-000000000022','2024-07-24 09:50+08','2024-07-24 16:20+08'),
 (gen_random_uuid(),'a0000000-0000-4000-8000-000000000016','service','is_open',NULL,'true','verified',1.5,'c0000000-0000-4000-8000-000000000025','2024-07-24 08:00+08','2024-07-24 15:40+08'),
 (gen_random_uuid(),'a0000000-0000-4000-8000-000000000016','service','is_onsale',NULL,'false','verified',1.5,'c0000000-0000-4000-8000-000000000025','2024-07-24 08:00+08','2024-07-24 15:40+08'),
 (gen_random_uuid(),'a0000000-0000-4000-8000-000000000016','supply','fuel_types',NULL,'92,95,diesel','verified',1.5,'c0000000-0000-4000-8000-000000000025','2024-07-24 08:00+08','2024-07-24 15:40+08'),
 (gen_random_uuid(),'b0000000-0000-4000-8000-000000000001','service','is_operational',NULL,'true','verified',1.5,'c0000000-0000-4000-8000-000000000037','2025-10-03 08:00+08','2025-10-03 09:00+08'),
 (gen_random_uuid(),'b0000000-0000-4000-8000-000000000001','service','destination',NULL,'羅東轉運站','verified',1.5,'c0000000-0000-4000-8000-000000000037','2025-10-03 08:00+08','2025-10-03 09:00+08'),
 (gen_random_uuid(),'b0000000-0000-4000-8000-000000000001','service','frequency',NULL,'每30分鐘一班','verified',1.5,'c0000000-0000-4000-8000-000000000037','2025-10-03 08:00+08','2025-10-03 09:00+08'),
 (gen_random_uuid(),'b0000000-0000-4000-8000-000000000002','facility','beds_available',20,NULL,'pending',1.0,'c0000000-0000-4000-8000-000000000028','2025-10-03 07:00+08','2025-10-03 07:30+08'),
 (gen_random_uuid(),'b0000000-0000-4000-8000-000000000002','facility','capacity_total',80,NULL,'pending',1.0,'c0000000-0000-4000-8000-000000000028','2025-10-03 07:00+08','2025-10-03 07:30+08'),
 (gen_random_uuid(),'b0000000-0000-4000-8000-000000000003','facility','beds_available',15,NULL,'pending',1.0,'c0000000-0000-4000-8000-000000000029','2025-10-03 06:30+08','2025-10-03 06:30+08'),
 (gen_random_uuid(),'b0000000-0000-4000-8000-000000000004','service','medical_level',NULL,'clinic','verified',1.5,'c0000000-0000-4000-8000-000000000032','2025-10-03 07:00+08','2025-10-03 12:00+08'),
 (gen_random_uuid(),'b0000000-0000-4000-8000-000000000004','service','has_staff',NULL,'true','verified',1.5,'c0000000-0000-4000-8000-000000000032','2025-10-03 07:00+08','2025-10-03 12:00+08'),
 (gen_random_uuid(),'b0000000-0000-4000-8000-000000000004','service','vet_available',NULL,'false','verified',1.5,'c0000000-0000-4000-8000-000000000032','2025-10-03 07:00+08','2025-10-03 12:00+08'),
 (gen_random_uuid(),'b0000000-0000-4000-8000-000000000005','facility','connector_types',NULL,'usb_c,lightning,ac_110v','pending',1.0,'c0000000-0000-4000-8000-000000000030','2025-10-03 08:00+08','2025-10-03 08:30+08'),
 (gen_random_uuid(),'b0000000-0000-4000-8000-000000000005','facility','available_ports',8,NULL,'pending',1.0,'c0000000-0000-4000-8000-000000000030','2025-10-03 08:00+08','2025-10-03 08:30+08'),
 (gen_random_uuid(),'b0000000-0000-4000-8000-000000000006','facility','has_flush',NULL,'false','pending',1.0,'c0000000-0000-4000-8000-000000000030','2025-10-03 06:00+08','2025-10-03 06:00+08'),
 (gen_random_uuid(),'b0000000-0000-4000-8000-000000000007','supply','supply_types',NULL,'food,water,daily_items','pending',1.0,'c0000000-0000-4000-8000-000000000031','2025-10-02 18:00+08','2025-10-02 19:00+08'),
 (gen_random_uuid(),'b0000000-0000-4000-8000-000000000008','supply','supply_types',NULL,'food,water','pending',1.0,'c0000000-0000-4000-8000-000000000030','2025-10-03 09:00+08','2025-10-03 09:00+08'),
 (gen_random_uuid(),'b0000000-0000-4000-8000-000000000009','supply','is_potable',NULL,'true','pending',1.0,'c0000000-0000-4000-8000-000000000029','2025-10-03 08:00+08','2025-10-03 08:00+08'),
 (gen_random_uuid(),'b0000000-0000-4000-8000-000000000009','facility','water_level',NULL,'partial','pending',1.0,'c0000000-0000-4000-8000-000000000029','2025-10-03 08:00+08','2025-10-03 08:00+08');

-- 投票 (crowd_sourcing) — 無自評、credibility 與 user 一致
INSERT INTO crowd_sourcing (uuid, station_uuid, item_uuid, user_uuid, user_credibility_score, rating, n_updates, distance_from_geometry, created_at, updated_at) VALUES
 (gen_random_uuid(),'a0000000-0000-4000-8000-000000000001',NULL,'c0000000-0000-4000-8000-000000000006',42,'up',0,214,'2024-07-24 11:17+08','2024-07-24 11:17+08'),
 (gen_random_uuid(),'a0000000-0000-4000-8000-000000000001',NULL,'c0000000-0000-4000-8000-000000000023',86,'up',0,119,'2024-07-24 12:13+08','2024-07-24 12:13+08'),
 (gen_random_uuid(),'a0000000-0000-4000-8000-000000000001',NULL,'c0000000-0000-4000-8000-000000000014',52,'up',0,212,'2024-07-24 13:06+08','2024-07-24 13:06+08'),
 (gen_random_uuid(),'a0000000-0000-4000-8000-000000000002',NULL,'c0000000-0000-4000-8000-000000000003',35,'up',0,89,'2024-07-24 11:22+08','2024-07-24 11:22+08'),
 (gen_random_uuid(),'a0000000-0000-4000-8000-000000000002',NULL,'c0000000-0000-4000-8000-000000000013',63,'up',0,216,'2024-07-24 12:38+08','2024-07-24 12:38+08'),
 (gen_random_uuid(),'a0000000-0000-4000-8000-000000000003',NULL,'c0000000-0000-4000-8000-000000000009',58,'up',0,62,'2024-07-24 11:46+08','2024-07-24 11:46+08'),
 (gen_random_uuid(),'a0000000-0000-4000-8000-000000000004',NULL,'c0000000-0000-4000-8000-000000000016',53,'down',0,233,'2024-07-24 11:05+08','2024-07-24 11:05+08'),
 (gen_random_uuid(),'a0000000-0000-4000-8000-000000000004',NULL,'c0000000-0000-4000-8000-000000000019',35,'down',0,322,'2024-07-24 12:18+08','2024-07-24 12:18+08'),
 (gen_random_uuid(),'a0000000-0000-4000-8000-000000000004',NULL,'c0000000-0000-4000-8000-000000000005',43,'down',0,361,'2024-07-24 13:39+08','2024-07-24 13:39+08'),
 (gen_random_uuid(),'a0000000-0000-4000-8000-000000000005',NULL,'c0000000-0000-4000-8000-000000000012',58,'up',0,335,'2024-07-24 11:12+08','2024-07-24 11:12+08'),
 (gen_random_uuid(),'a0000000-0000-4000-8000-000000000008',NULL,'c0000000-0000-4000-8000-000000000023',86,'up',0,63,'2024-07-24 11:42+08','2024-07-24 11:42+08'),
 (gen_random_uuid(),'a0000000-0000-4000-8000-000000000008',NULL,'c0000000-0000-4000-8000-000000000003',35,'up',0,156,'2024-07-24 12:49+08','2024-07-24 12:49+08'),
 (gen_random_uuid(),'a0000000-0000-4000-8000-000000000012',NULL,'c0000000-0000-4000-8000-000000000010',38,'up',0,91,'2024-07-24 11:24+08','2024-07-24 11:24+08'),
 (gen_random_uuid(),'a0000000-0000-4000-8000-000000000012',NULL,'c0000000-0000-4000-8000-000000000003',35,'up',0,182,'2024-07-24 12:29+08','2024-07-24 12:29+08'),
 (gen_random_uuid(),'a0000000-0000-4000-8000-000000000012',NULL,'c0000000-0000-4000-8000-000000000008',39,'neutral',0,365,'2024-07-24 13:53+08','2024-07-24 13:53+08'),
 (gen_random_uuid(),'a0000000-0000-4000-8000-000000000013',NULL,'c0000000-0000-4000-8000-000000000012',58,'up',0,123,'2024-07-24 11:23+08','2024-07-24 11:23+08'),
 (gen_random_uuid(),'a0000000-0000-4000-8000-000000000014',NULL,'c0000000-0000-4000-8000-000000000012',58,'down',0,399,'2024-07-24 11:59+08','2024-07-24 11:59+08'),
 (gen_random_uuid(),'a0000000-0000-4000-8000-000000000014',NULL,'c0000000-0000-4000-8000-000000000007',42,'down',0,389,'2024-07-24 12:41+08','2024-07-24 12:41+08'),
 (gen_random_uuid(),'a0000000-0000-4000-8000-000000000014',NULL,'c0000000-0000-4000-8000-000000000022',81,'down',0,76,'2024-07-24 13:38+08','2024-07-24 13:38+08'),
 (gen_random_uuid(),'a0000000-0000-4000-8000-000000000014',NULL,'c0000000-0000-4000-8000-000000000009',58,'neutral',0,365,'2024-07-24 14:10+08','2024-07-24 14:10+08'),
 (gen_random_uuid(),'a0000000-0000-4000-8000-000000000015',NULL,'c0000000-0000-4000-8000-000000000018',36,'up',0,165,'2024-07-24 11:10+08','2024-07-24 11:10+08'),
 (gen_random_uuid(),'a0000000-0000-4000-8000-000000000016',NULL,'c0000000-0000-4000-8000-000000000015',37,'up',0,234,'2024-07-24 11:17+08','2024-07-24 11:17+08'),
 (gen_random_uuid(),'b0000000-0000-4000-8000-000000000001',NULL,'c0000000-0000-4000-8000-000000000036',82,'up',0,400,'2025-10-03 9:20+08','2025-10-03 9:20+08'),
 (gen_random_uuid(),'b0000000-0000-4000-8000-000000000001',NULL,'c0000000-0000-4000-8000-000000000031',52,'neutral',0,443,'2025-10-03 10:49+08','2025-10-03 10:49+08'),
 (gen_random_uuid(),'b0000000-0000-4000-8000-000000000002',NULL,'c0000000-0000-4000-8000-000000000029',55,'down',0,66,'2025-10-03 9:51+08','2025-10-03 9:51+08'),
 (gen_random_uuid(),'b0000000-0000-4000-8000-000000000002',NULL,'c0000000-0000-4000-8000-000000000030',57,'neutral',0,211,'2025-10-03 10:25+08','2025-10-03 10:25+08'),
 (gen_random_uuid(),'b0000000-0000-4000-8000-000000000003',NULL,'c0000000-0000-4000-8000-000000000033',81,'down',0,83,'2025-10-03 9:13+08','2025-10-03 9:13+08'),
 (gen_random_uuid(),'b0000000-0000-4000-8000-000000000004',NULL,'c0000000-0000-4000-8000-000000000034',85,'up',0,158,'2025-10-03 9:41+08','2025-10-03 9:41+08'),
 (gen_random_uuid(),'b0000000-0000-4000-8000-000000000005',NULL,'c0000000-0000-4000-8000-000000000036',82,'up',0,252,'2025-10-03 9:56+08','2025-10-03 9:56+08'),
 (gen_random_uuid(),'b0000000-0000-4000-8000-000000000006',NULL,'c0000000-0000-4000-8000-000000000036',82,'down',0,185,'2025-10-03 9:08+08','2025-10-03 9:08+08'),
 (gen_random_uuid(),'b0000000-0000-4000-8000-000000000006',NULL,'c0000000-0000-4000-8000-000000000029',55,'down',0,176,'2025-10-03 10:47+08','2025-10-03 10:47+08'),
 (gen_random_uuid(),'b0000000-0000-4000-8000-000000000007',NULL,'c0000000-0000-4000-8000-000000000033',81,'up',0,432,'2025-10-03 9:37+08','2025-10-03 9:37+08'),
 (gen_random_uuid(),'b0000000-0000-4000-8000-000000000008',NULL,'c0000000-0000-4000-8000-000000000035',87,'down',0,254,'2025-10-03 9:23+08','2025-10-03 9:23+08'),
 (gen_random_uuid(),'b0000000-0000-4000-8000-000000000008',NULL,'c0000000-0000-4000-8000-000000000033',81,'neutral',0,162,'2025-10-03 10:08+08','2025-10-03 10:08+08'),
 (gen_random_uuid(),'b0000000-0000-4000-8000-000000000009',NULL,'c0000000-0000-4000-8000-000000000036',82,'neutral',0,96,'2025-10-03 9:48+08','2025-10-03 9:48+08');

-- 3. TICKETS — A:30 / B:8(聯絡欄位混用電話與 LINE ID;無類型 ticket 的 task_type 為 NULL)
INSERT INTO base_geometries (uuid, property_name, geometry, created_by, created_at, updated_at) VALUES
 ('d0000000-0000-4000-8000-000000000001','request',ST_SetSRID(ST_MakePoint(121.4364,23.6817),4326),'c0000000-0000-4000-8000-000000000014','2024-07-24 14:55+08','2024-07-24 14:55+08'),
 ('d0000000-0000-4000-8000-000000000002','request',ST_SetSRID(ST_MakePoint(121.4107,23.6854),4326),'c0000000-0000-4000-8000-000000000022','2024-07-24 13:46+08','2024-07-24 13:46+08'),
 ('d0000000-0000-4000-8000-000000000003','request',ST_SetSRID(ST_MakePoint(121.4304,23.6543),4326),'c0000000-0000-4000-8000-000000000025','2024-07-24 9:48+08','2024-07-24 9:48+08'),
 ('d0000000-0000-4000-8000-000000000004','request',ST_SetSRID(ST_MakePoint(121.4509,23.674),4326),'c0000000-0000-4000-8000-000000000016','2024-07-24 11:56+08','2024-07-24 11:56+08'),
 ('d0000000-0000-4000-8000-000000000005','request',ST_SetSRID(ST_MakePoint(121.4416,23.6826),4326),'c0000000-0000-4000-8000-000000000022','2024-07-24 15:55+08','2024-07-24 15:55+08'),
 ('d0000000-0000-4000-8000-000000000006','request',ST_SetSRID(ST_MakePoint(121.4514,23.6802),4326),'c0000000-0000-4000-8000-000000000027','2024-07-24 17:28+08','2024-07-24 17:28+08'),
 ('d0000000-0000-4000-8000-000000000007','request',ST_SetSRID(ST_MakePoint(121.4174,23.6526),4326),'c0000000-0000-4000-8000-000000000001','2024-07-24 8:57+08','2024-07-24 8:57+08'),
 ('d0000000-0000-4000-8000-000000000008','request',ST_SetSRID(ST_MakePoint(121.4307,23.6611),4326),'c0000000-0000-4000-8000-000000000016','2024-07-24 16:50+08','2024-07-24 16:50+08'),
 ('d0000000-0000-4000-8000-000000000009','request',ST_SetSRID(ST_MakePoint(121.4097,23.6764),4326),'c0000000-0000-4000-8000-000000000012','2024-07-24 17:03+08','2024-07-24 17:03+08'),
 ('d0000000-0000-4000-8000-000000000010','request',ST_SetSRID(ST_MakePoint(121.4174,23.6576),4326),'c0000000-0000-4000-8000-000000000015','2024-07-24 8:54+08','2024-07-24 8:54+08'),
 ('d0000000-0000-4000-8000-000000000011','request',ST_SetSRID(ST_MakePoint(121.4376,23.6716),4326),'c0000000-0000-4000-8000-000000000001','2024-07-24 9:13+08','2024-07-24 9:13+08'),
 ('d0000000-0000-4000-8000-000000000012','request',ST_SetSRID(ST_MakePoint(121.4239,23.6894),4326),'c0000000-0000-4000-8000-000000000009','2024-07-24 18:42+08','2024-07-24 18:42+08'),
 ('d0000000-0000-4000-8000-000000000013','request',ST_SetSRID(ST_MakePoint(121.4198,23.6887),4326),'c0000000-0000-4000-8000-000000000019','2024-07-24 7:58+08','2024-07-24 7:58+08'),
 ('d0000000-0000-4000-8000-000000000014','request',ST_SetSRID(ST_MakePoint(121.453,23.6532),4326),'c0000000-0000-4000-8000-000000000006','2024-07-24 13:37+08','2024-07-24 13:37+08'),
 ('d0000000-0000-4000-8000-000000000015','request',ST_SetSRID(ST_MakePoint(121.4091,23.6763),4326),'c0000000-0000-4000-8000-000000000019','2024-07-24 18:15+08','2024-07-24 18:15+08'),
 ('d0000000-0000-4000-8000-000000000016','request',ST_SetSRID(ST_MakePoint(121.4386,23.662),4326),'c0000000-0000-4000-8000-000000000011','2024-07-24 16:34+08','2024-07-24 16:34+08'),
 ('d0000000-0000-4000-8000-000000000017','request',ST_SetSRID(ST_MakePoint(121.4116,23.664),4326),'c0000000-0000-4000-8000-000000000003','2024-07-24 15:41+08','2024-07-24 15:41+08'),
 ('d0000000-0000-4000-8000-000000000018','request',ST_SetSRID(ST_MakePoint(121.4459,23.662),4326),'c0000000-0000-4000-8000-000000000026','2024-07-24 8:09+08','2024-07-24 8:09+08'),
 ('d0000000-0000-4000-8000-000000000019','request',ST_SetSRID(ST_MakePoint(121.4155,23.6637),4326),'c0000000-0000-4000-8000-000000000026','2024-07-24 7:53+08','2024-07-24 7:53+08'),
 ('d0000000-0000-4000-8000-000000000020','request',ST_SetSRID(ST_MakePoint(121.4217,23.6552),4326),'c0000000-0000-4000-8000-000000000009','2024-07-24 15:56+08','2024-07-24 15:56+08'),
 ('d0000000-0000-4000-8000-000000000021','request',ST_SetSRID(ST_MakePoint(121.4467,23.6733),4326),'c0000000-0000-4000-8000-000000000005','2024-07-24 7:13+08','2024-07-24 7:13+08'),
 ('d0000000-0000-4000-8000-000000000022','request',ST_SetSRID(ST_MakePoint(121.4227,23.6724),4326),'c0000000-0000-4000-8000-000000000014','2024-07-24 10:11+08','2024-07-24 10:11+08'),
 ('d0000000-0000-4000-8000-000000000023','request',ST_SetSRID(ST_MakePoint(121.4418,23.6633),4326),'c0000000-0000-4000-8000-000000000014','2024-07-24 11:06+08','2024-07-24 11:06+08'),
 ('d0000000-0000-4000-8000-000000000024','request',ST_SetSRID(ST_MakePoint(121.4161,23.6827),4326),'c0000000-0000-4000-8000-000000000015','2024-07-24 10:42+08','2024-07-24 10:42+08'),
 ('d0000000-0000-4000-8000-000000000025','request',ST_SetSRID(ST_MakePoint(121.4189,23.6528),4326),'c0000000-0000-4000-8000-000000000022','2024-07-24 15:56+08','2024-07-24 15:56+08'),
 ('d0000000-0000-4000-8000-000000000026','request',ST_SetSRID(ST_MakePoint(121.4531,23.6606),4326),'c0000000-0000-4000-8000-000000000004','2024-07-24 13:24+08','2024-07-24 13:24+08'),
 ('d0000000-0000-4000-8000-000000000027','request',ST_SetSRID(ST_MakePoint(121.4072,23.6674),4326),'c0000000-0000-4000-8000-000000000017','2024-07-24 18:23+08','2024-07-24 18:23+08'),
 ('d0000000-0000-4000-8000-000000000028','request',ST_SetSRID(ST_MakePoint(121.451,23.6749),4326),'c0000000-0000-4000-8000-000000000026','2024-07-24 11:44+08','2024-07-24 11:44+08'),
 ('d0000000-0000-4000-8000-000000000029','request',ST_SetSRID(ST_MakePoint(121.4146,23.6766),4326),'c0000000-0000-4000-8000-000000000013','2024-07-24 11:00+08','2024-07-24 11:00+08'),
 ('d0000000-0000-4000-8000-000000000030','request',ST_SetSRID(ST_MakePoint(121.4265,23.6732),4326),'c0000000-0000-4000-8000-000000000025','2024-07-24 15:50+08','2024-07-24 15:50+08'),
 ('d0000000-0000-4000-8000-000000000031','request',ST_SetSRID(ST_MakePoint(121.7492,24.6406),4326),'c0000000-0000-4000-8000-000000000037','2025-10-03 17:12+08','2025-10-03 17:12+08'),
 ('d0000000-0000-4000-8000-000000000032','request',ST_SetSRID(ST_MakePoint(121.7572,24.639),4326),'c0000000-0000-4000-8000-000000000029','2025-10-03 18:15+08','2025-10-03 18:15+08'),
 ('d0000000-0000-4000-8000-000000000033','request',ST_SetSRID(ST_MakePoint(121.7453,24.65),4326),'c0000000-0000-4000-8000-000000000029','2025-10-03 18:29+08','2025-10-03 18:29+08'),
 ('d0000000-0000-4000-8000-000000000034','request',ST_SetSRID(ST_MakePoint(121.7909,24.6249),4326),'c0000000-0000-4000-8000-000000000030','2025-10-03 16:39+08','2025-10-03 16:39+08'),
 ('d0000000-0000-4000-8000-000000000035','request',ST_SetSRID(ST_MakePoint(121.7865,24.6419),4326),'c0000000-0000-4000-8000-000000000030','2025-10-03 10:33+08','2025-10-03 10:33+08'),
 ('d0000000-0000-4000-8000-000000000036','request',ST_SetSRID(ST_MakePoint(121.7587,24.6231),4326),'c0000000-0000-4000-8000-000000000032','2025-10-03 8:09+08','2025-10-03 8:09+08'),
 ('d0000000-0000-4000-8000-000000000037','request',ST_SetSRID(ST_MakePoint(121.7526,24.6286),4326),'c0000000-0000-4000-8000-000000000034','2025-10-03 10:37+08','2025-10-03 10:37+08'),
 ('d0000000-0000-4000-8000-000000000038','request',ST_SetSRID(ST_MakePoint(121.764,24.6202),4326),'c0000000-0000-4000-8000-000000000033','2025-10-03 13:34+08','2025-10-03 13:34+08');

INSERT INTO tickets (uuid, title, description, contact_name, contact_email, contact_phone, status, priority, task_type, visibility, verification_status) VALUES
 ('d0000000-0000-4000-8000-000000000001','光復鄉中正路一段31號有住戶受困,需要救援',NULL,'志工-郭怡君',NULL,'0977-357-666','in_progress','medium','rescue','public','ai_verified'),
 ('d0000000-0000-4000-8000-000000000002','光復鄉中正路一段177號民宅遭土石掩埋一半,屋內有人',NULL,'紅十字會-花蓮支會',NULL,'0930-564-103','open','medium','rescue','public','unverified'),
 ('d0000000-0000-4000-8000-000000000003','光復鄉大富村明德路131號有住戶受困,需要救援',NULL,'光復鄉公所-災防課',NULL,'LINE: help_2024','open','medium','rescue','public','ai_verified'),
 ('d0000000-0000-4000-8000-000000000004','光復鄉林森路141號民宅遭土石掩埋一半,屋內有人',NULL,'志工-邱詩涵',NULL,'0940-159-346','open','low','rescue','public','human_verified'),
 ('d0000000-0000-4000-8000-000000000005','光復鄉武昌街23號有住戶受困,需要救援',NULL,'紅十字會-花蓮支會',NULL,'0931-371-640','in_progress','high','rescue','public','ai_verified'),
 ('d0000000-0000-4000-8000-000000000006','光復鄉武昌街111號需要清理污泥',NULL,'光復鄉大同村村長',NULL,'LINE: help_2024','open','high','hr','public','human_verified'),
 ('d0000000-0000-4000-8000-000000000007','鳳林鎮光復路118號需要清理污泥',NULL,'志工-陳冠宇',NULL,'0917-334-169','in_progress','high','hr','public','unverified'),
 ('d0000000-0000-4000-8000-000000000008','光復鄉中正路一段87號需要清理污泥',NULL,'志工-邱詩涵',NULL,'0983-584-348','open','high','hr','public','human_verified'),
 ('d0000000-0000-4000-8000-000000000009','瑞穗鄉中山路一段107號需要清理污泥',NULL,'志工-謝雅雯',NULL,'LINE: guangfu_rescue01','open','medium','hr','public','ai_verified'),
 ('d0000000-0000-4000-8000-000000000010','光復鄉大同村佛祖街89號需要清理污泥',NULL,'志工-曾國銘',NULL,'0966-927-982','open','high','hr','public','ai_verified'),
 ('d0000000-0000-4000-8000-000000000011','鳳林鎮光復路28號需要清理污泥',NULL,'志工-陳冠宇',NULL,'0962-597-592','resolved','low','hr','public','human_verified'),
 ('d0000000-0000-4000-8000-000000000012','光復鄉大同村佛祖街18號需要清理污泥',NULL,'志工-楊宗翰',NULL,'LINE: yilan_vol','resolved','low','hr','public','unverified'),
 ('d0000000-0000-4000-8000-000000000013','瑞穗鄉中山路一段42號需要清理污泥',NULL,'志工-簡嘉文',NULL,'0984-588-614','in_progress','high','hr','public','unverified'),
 ('d0000000-0000-4000-8000-000000000014','鳳林鎮光復路43號需要清理污泥',NULL,'志工-吳佩珊',NULL,'0925-683-352','open','high','hr','public','human_verified'),
 ('d0000000-0000-4000-8000-000000000015','光復鄉武昌街13號民宅院子土石清除',NULL,'志工-簡嘉文',NULL,'LINE: help_2024','in_progress','low','hr','public','unverified'),
 ('d0000000-0000-4000-8000-000000000016','光復鄉大富村明德路104號需要物資補給',NULL,'志工-鄭文傑',NULL,'0982-202-175','resolved','low','supply','public','unverified'),
 ('d0000000-0000-4000-8000-000000000017','光復鄉大全街132號社區需要飲用水與乾糧',NULL,'志工-黃建宏',NULL,'0948-726-926','resolved','medium','supply','public','unverified'),
 ('d0000000-0000-4000-8000-000000000018','鳳林鎮光復路5號收容點需要民生物資',NULL,'花蓮縣消防局-鳳林大隊',NULL,'LINE: yilan_vol','open','low','supply','public','unverified'),
 ('d0000000-0000-4000-8000-000000000019','光復鄉大富村明德路75號收容點需要民生物資',NULL,'花蓮縣消防局-鳳林大隊',NULL,'0921-749-533','in_progress','high','supply','public','ai_verified'),
 ('d0000000-0000-4000-8000-000000000020','光復鄉大富村明德路14號需要物資補給',NULL,'志工-楊宗翰',NULL,'0911-214-177','open','medium','supply','public','ai_verified'),
 ('d0000000-0000-4000-8000-000000000021','光復鄉林森路142號需要物資補給',NULL,'志工-李俊賢',NULL,'LINE: help_2024','open','high','supply','public','unverified'),
 ('d0000000-0000-4000-8000-000000000022','光復鄉大全街173號需要物資補給',NULL,'志工-郭怡君',NULL,'0930-919-930','resolved','medium','supply','public','human_verified'),
 ('d0000000-0000-4000-8000-000000000023','光復鄉大同村佛祖街9號需要物資補給',NULL,'志工-郭怡君',NULL,'0930-906-818','resolved','low','supply','public','human_verified'),
 ('d0000000-0000-4000-8000-000000000024','光復鄉大同村佛祖街12號附近災情回報,待釐清',NULL,'志工-曾國銘',NULL,'LINE: guangfu_rescue01','open','low',NULL,'public','human_verified'),
 ('d0000000-0000-4000-8000-000000000025','光復鄉大全街105號附近災情回報,待釐清',NULL,'紅十字會-花蓮支會',NULL,'0952-128-218','open','medium',NULL,'public','unverified'),
 ('d0000000-0000-4000-8000-000000000026','光復鄉大富村明德路48號有災損,需求尚未確認',NULL,'志工-張淑芬',NULL,'0987-623-218','in_progress','medium',NULL,'public','human_verified'),
 ('d0000000-0000-4000-8000-000000000027','光復鄉武昌街51號附近災情回報,待釐清',NULL,'志工-賴建志',NULL,'LINE: aming_tw','resolved','medium',NULL,'public','ai_verified'),
 ('d0000000-0000-4000-8000-000000000028','光復鄉大同村佛祖街20號有災損,需求尚未確認',NULL,'花蓮縣消防局-鳳林大隊',NULL,'0962-434-512','resolved','medium',NULL,'public','unverified'),
 ('d0000000-0000-4000-8000-000000000029','光復鄉大富村明德路144號回報災情,情況不明',NULL,'志工-洪志強',NULL,'0961-661-953','in_progress','low',NULL,'public','ai_verified'),
 ('d0000000-0000-4000-8000-000000000030','光復鄉大富村明德路76號回報災情,情況不明',NULL,'光復鄉公所-災防課',NULL,'LINE: ds_flood_help','open','medium',NULL,'public','ai_verified'),
 ('d0000000-0000-4000-8000-000000000031','冬山鄉香和路46號民宅遭土石掩埋一半,屋內有人',NULL,'冬山鄉公所-民政課',NULL,'0949-330-925','open','low','rescue','public','ai_verified'),
 ('d0000000-0000-4000-8000-000000000032','冬山鄉三奇路9號有住戶受困,需要救援',NULL,'志工-蘇怡靜',NULL,'0959-606-509','open','low','rescue','public','ai_verified'),
 ('d0000000-0000-4000-8000-000000000033','冬山鄉三奇路170號需協助抽水',NULL,'志工-蘇怡靜',NULL,'LINE: yilan_vol','in_progress','high','hr','public','human_verified'),
 ('d0000000-0000-4000-8000-000000000034','冬山鄉冬山路二段145號積水退後需清掃淤泥',NULL,'志工-范植偉',NULL,'0950-873-553','resolved','medium','hr','public','human_verified'),
 ('d0000000-0000-4000-8000-000000000035','冬山鄉香和路132號需要人力搬運泡水家具',NULL,'志工-范植偉',NULL,'0945-884-896','in_progress','medium','hr','public','unverified'),
 ('d0000000-0000-4000-8000-000000000036','冬山鄉永興路一段163號需要物資補給',NULL,'慈濟基金會-羅東聯絡處',NULL,'LINE: aming_tw','open','medium','supply','public','human_verified'),
 ('d0000000-0000-4000-8000-000000000037','冬山鄉三奇路101號收容點需要民生物資',NULL,'宜蘭縣社福聯盟',NULL,'0963-498-888','open','medium','supply','public','unverified'),
 ('d0000000-0000-4000-8000-000000000038','員山鄉員山路一段8號有災損,需求尚未確認',NULL,'紅十字會-宜蘭支會',NULL,'0978-865-852','open','medium',NULL,'public','human_verified');

-- 4. TASKS — 每張 ticket 1–2 個(hr 帶志工認領)
INSERT INTO ticket_tasks (uuid, ticket_uuid, route_uuid, task_type, task_name, task_description, quantity, status, source, progress_note, confidence_score, is_duplicate, dedup_group_id, moderation_status, visibility, review_note, created_by, created_at, updated_at) VALUES
 ('e0000000-0000-4000-8000-000000000001','d0000000-0000-4000-8000-000000000001',NULL,'rescue','長者後送',NULL,1,'pending','user',NULL,NULL,false,NULL,'approved','public',NULL,'c0000000-0000-4000-8000-000000000014','2024-07-24 14:55+08','2024-07-24 14:55+08'),
 ('e0000000-0000-4000-8000-000000000002','d0000000-0000-4000-8000-000000000002',NULL,'rescue','長者後送',NULL,3,'pending','gov',NULL,NULL,false,NULL,'approved','public',NULL,'c0000000-0000-4000-8000-000000000022','2024-07-24 13:46+08','2024-07-24 13:46+08'),
 ('e0000000-0000-4000-8000-000000000003','d0000000-0000-4000-8000-000000000002',NULL,'rescue','受困人員救援',NULL,6,'in_progress','gov',NULL,NULL,false,NULL,'approved','public',NULL,'c0000000-0000-4000-8000-000000000022','2024-07-24 13:46+08','2024-07-24 13:46+08'),
 ('e0000000-0000-4000-8000-000000000004','d0000000-0000-4000-8000-000000000003',NULL,'rescue','受困人員救援',NULL,5,'pending','gov',NULL,NULL,false,NULL,'approved','public',NULL,'c0000000-0000-4000-8000-000000000025','2024-07-24 9:48+08','2024-07-24 9:48+08'),
 ('e0000000-0000-4000-8000-000000000005','d0000000-0000-4000-8000-000000000004',NULL,'rescue','受困人員救援',NULL,4,'pending','user',NULL,NULL,false,NULL,'approved','public',NULL,'c0000000-0000-4000-8000-000000000016','2024-07-24 11:56+08','2024-07-24 11:56+08'),
 ('e0000000-0000-4000-8000-000000000006','d0000000-0000-4000-8000-000000000005',NULL,'rescue','長者後送',NULL,2,'pending','gov',NULL,NULL,false,NULL,'approved','public',NULL,'c0000000-0000-4000-8000-000000000022','2024-07-24 15:55+08','2024-07-24 15:55+08'),
 ('e0000000-0000-4000-8000-000000000007','d0000000-0000-4000-8000-000000000005',NULL,'rescue','受困人員救援',NULL,2,'pending','gov',NULL,NULL,false,NULL,'approved','public',NULL,'c0000000-0000-4000-8000-000000000022','2024-07-24 15:55+08','2024-07-24 15:55+08'),
 ('e0000000-0000-4000-8000-000000000008','d0000000-0000-4000-8000-000000000006',NULL,'hr','搬運志工',NULL,8,'in_progress','gov',NULL,NULL,false,NULL,'approved','public',NULL,'c0000000-0000-4000-8000-000000000027','2024-07-24 17:28+08','2024-07-24 17:28+08'),
 ('e0000000-0000-4000-8000-000000000009','d0000000-0000-4000-8000-000000000007',NULL,'hr','清淤人力',NULL,16,'completed','user',NULL,NULL,false,NULL,'approved','public',NULL,'c0000000-0000-4000-8000-000000000001','2024-07-24 8:57+08','2024-07-24 8:57+08'),
 ('e0000000-0000-4000-8000-000000000010','d0000000-0000-4000-8000-000000000008',NULL,'hr','挖土機支援',NULL,1,'pending','user',NULL,NULL,false,NULL,'approved','public',NULL,'c0000000-0000-4000-8000-000000000016','2024-07-24 16:50+08','2024-07-24 16:50+08'),
 ('e0000000-0000-4000-8000-000000000011','d0000000-0000-4000-8000-000000000009',NULL,'hr','清淤人力',NULL,19,'pending','user',NULL,NULL,false,NULL,'approved','public',NULL,'c0000000-0000-4000-8000-000000000012','2024-07-24 17:03+08','2024-07-24 17:03+08'),
 ('e0000000-0000-4000-8000-000000000012','d0000000-0000-4000-8000-000000000010',NULL,'hr','挖土機支援',NULL,2,'completed','user',NULL,NULL,false,NULL,'approved','public',NULL,'c0000000-0000-4000-8000-000000000015','2024-07-24 8:54+08','2024-07-24 8:54+08'),
 ('e0000000-0000-4000-8000-000000000013','d0000000-0000-4000-8000-000000000010',NULL,'hr','搬運志工',NULL,14,'in_progress','user',NULL,NULL,false,NULL,'approved','public',NULL,'c0000000-0000-4000-8000-000000000015','2024-07-24 8:54+08','2024-07-24 8:54+08'),
 ('e0000000-0000-4000-8000-000000000014','d0000000-0000-4000-8000-000000000011',NULL,'hr','挖土機支援',NULL,1,'pending','user',NULL,NULL,false,NULL,'approved','public',NULL,'c0000000-0000-4000-8000-000000000001','2024-07-24 9:13+08','2024-07-24 9:13+08'),
 ('e0000000-0000-4000-8000-000000000015','d0000000-0000-4000-8000-000000000011',NULL,'hr','清淤人力',NULL,30,'pending','user',NULL,NULL,false,NULL,'approved','public',NULL,'c0000000-0000-4000-8000-000000000001','2024-07-24 9:13+08','2024-07-24 9:13+08'),
 ('e0000000-0000-4000-8000-000000000016','d0000000-0000-4000-8000-000000000012',NULL,'hr','挖土機支援',NULL,1,'pending','user',NULL,NULL,false,NULL,'approved','public',NULL,'c0000000-0000-4000-8000-000000000009','2024-07-24 18:42+08','2024-07-24 18:42+08'),
 ('e0000000-0000-4000-8000-000000000017','d0000000-0000-4000-8000-000000000012',NULL,'hr','搬運志工',NULL,11,'completed','user',NULL,NULL,false,NULL,'approved','public',NULL,'c0000000-0000-4000-8000-000000000009','2024-07-24 18:42+08','2024-07-24 18:42+08'),
 ('e0000000-0000-4000-8000-000000000018','d0000000-0000-4000-8000-000000000013',NULL,'hr','搬運志工',NULL,12,'in_progress','user',NULL,NULL,false,NULL,'approved','public',NULL,'c0000000-0000-4000-8000-000000000019','2024-07-24 7:58+08','2024-07-24 7:58+08'),
 ('e0000000-0000-4000-8000-000000000019','d0000000-0000-4000-8000-000000000013',NULL,'hr','清淤人力',NULL,20,'pending','user',NULL,NULL,false,NULL,'approved','public',NULL,'c0000000-0000-4000-8000-000000000019','2024-07-24 7:58+08','2024-07-24 7:58+08'),
 ('e0000000-0000-4000-8000-000000000020','d0000000-0000-4000-8000-000000000014',NULL,'hr','搬運志工',NULL,14,'in_progress','user',NULL,NULL,false,NULL,'approved','public',NULL,'c0000000-0000-4000-8000-000000000006','2024-07-24 13:37+08','2024-07-24 13:37+08'),
 ('e0000000-0000-4000-8000-000000000021','d0000000-0000-4000-8000-000000000014',NULL,'hr','挖土機支援',NULL,1,'pending','user',NULL,NULL,false,NULL,'approved','public',NULL,'c0000000-0000-4000-8000-000000000006','2024-07-24 13:37+08','2024-07-24 13:37+08'),
 ('e0000000-0000-4000-8000-000000000022','d0000000-0000-4000-8000-000000000015',NULL,'hr','挖土機支援',NULL,2,'in_progress','user',NULL,NULL,false,NULL,'approved','public',NULL,'c0000000-0000-4000-8000-000000000019','2024-07-24 18:15+08','2024-07-24 18:15+08'),
 ('e0000000-0000-4000-8000-000000000023','d0000000-0000-4000-8000-000000000015',NULL,'hr','搬運志工',NULL,9,'pending','user',NULL,NULL,false,NULL,'approved','public',NULL,'c0000000-0000-4000-8000-000000000019','2024-07-24 18:15+08','2024-07-24 18:15+08'),
 ('e0000000-0000-4000-8000-000000000024','d0000000-0000-4000-8000-000000000016',NULL,'supply','便當',NULL,84,'completed','user',NULL,NULL,false,NULL,'approved','public',NULL,'c0000000-0000-4000-8000-000000000011','2024-07-24 16:34+08','2024-07-24 16:34+08'),
 ('e0000000-0000-4000-8000-000000000025','d0000000-0000-4000-8000-000000000016',NULL,'supply','飲用水(箱)',NULL,55,'pending','user',NULL,NULL,false,NULL,'approved','public',NULL,'c0000000-0000-4000-8000-000000000011','2024-07-24 16:34+08','2024-07-24 16:34+08'),
 ('e0000000-0000-4000-8000-000000000026','d0000000-0000-4000-8000-000000000017',NULL,'supply','飲用水(箱)',NULL,36,'pending','user',NULL,NULL,false,NULL,'approved','public',NULL,'c0000000-0000-4000-8000-000000000003','2024-07-24 15:41+08','2024-07-24 15:41+08'),
 ('e0000000-0000-4000-8000-000000000027','d0000000-0000-4000-8000-000000000017',NULL,'supply','沙包',NULL,99,'pending','user',NULL,NULL,false,NULL,'approved','public',NULL,'c0000000-0000-4000-8000-000000000003','2024-07-24 15:41+08','2024-07-24 15:41+08'),
 ('e0000000-0000-4000-8000-000000000028','d0000000-0000-4000-8000-000000000018',NULL,'supply','推車',NULL,8,'in_progress','gov',NULL,NULL,false,NULL,'approved','public',NULL,'c0000000-0000-4000-8000-000000000026','2024-07-24 8:09+08','2024-07-24 8:09+08'),
 ('e0000000-0000-4000-8000-000000000029','d0000000-0000-4000-8000-000000000019',NULL,'supply','沙包',NULL,75,'completed','gov',NULL,NULL,false,NULL,'approved','public',NULL,'c0000000-0000-4000-8000-000000000026','2024-07-24 7:53+08','2024-07-24 7:53+08'),
 ('e0000000-0000-4000-8000-000000000030','d0000000-0000-4000-8000-000000000019',NULL,'supply','飲用水(箱)',NULL,38,'pending','gov',NULL,NULL,false,NULL,'approved','public',NULL,'c0000000-0000-4000-8000-000000000026','2024-07-24 7:53+08','2024-07-24 7:53+08'),
 ('e0000000-0000-4000-8000-000000000031','d0000000-0000-4000-8000-000000000020',NULL,'supply','飲用水(箱)',NULL,20,'in_progress','user',NULL,NULL,false,NULL,'approved','public',NULL,'c0000000-0000-4000-8000-000000000009','2024-07-24 15:56+08','2024-07-24 15:56+08'),
 ('e0000000-0000-4000-8000-000000000032','d0000000-0000-4000-8000-000000000021',NULL,'supply','飲用水(箱)',NULL,22,'completed','user',NULL,NULL,false,NULL,'approved','public',NULL,'c0000000-0000-4000-8000-000000000005','2024-07-24 7:13+08','2024-07-24 7:13+08'),
 ('e0000000-0000-4000-8000-000000000033','d0000000-0000-4000-8000-000000000022',NULL,'supply','推車',NULL,6,'completed','user',NULL,NULL,false,NULL,'approved','public',NULL,'c0000000-0000-4000-8000-000000000014','2024-07-24 10:11+08','2024-07-24 10:11+08'),
 ('e0000000-0000-4000-8000-000000000034','d0000000-0000-4000-8000-000000000022',NULL,'supply','便當',NULL,103,'pending','user',NULL,NULL,false,NULL,'approved','public',NULL,'c0000000-0000-4000-8000-000000000014','2024-07-24 10:11+08','2024-07-24 10:11+08'),
 ('e0000000-0000-4000-8000-000000000035','d0000000-0000-4000-8000-000000000023',NULL,'supply','便當',NULL,53,'completed','user',NULL,NULL,false,NULL,'approved','public',NULL,'c0000000-0000-4000-8000-000000000014','2024-07-24 11:06+08','2024-07-24 11:06+08'),
 ('e0000000-0000-4000-8000-000000000036','d0000000-0000-4000-8000-000000000023',NULL,'supply','飲用水(箱)',NULL,36,'completed','user',NULL,NULL,false,NULL,'approved','public',NULL,'c0000000-0000-4000-8000-000000000014','2024-07-24 11:06+08','2024-07-24 11:06+08'),
 ('e0000000-0000-4000-8000-000000000037','d0000000-0000-4000-8000-000000000024',NULL,'supply','圓鍬',NULL,16,'pending','user',NULL,NULL,false,NULL,'approved','public',NULL,'c0000000-0000-4000-8000-000000000015','2024-07-24 10:42+08','2024-07-24 10:42+08'),
 ('e0000000-0000-4000-8000-000000000038','d0000000-0000-4000-8000-000000000025',NULL,'hr','清淤人力',NULL,28,'completed','gov',NULL,NULL,false,NULL,'approved','public',NULL,'c0000000-0000-4000-8000-000000000022','2024-07-24 15:56+08','2024-07-24 15:56+08'),
 ('e0000000-0000-4000-8000-000000000039','d0000000-0000-4000-8000-000000000026',NULL,'hr','挖土機支援',NULL,2,'in_progress','user',NULL,NULL,false,NULL,'approved','public',NULL,'c0000000-0000-4000-8000-000000000004','2024-07-24 13:24+08','2024-07-24 13:24+08'),
 ('e0000000-0000-4000-8000-000000000040','d0000000-0000-4000-8000-000000000027',NULL,'supply','沙包',NULL,128,'in_progress','user',NULL,NULL,false,NULL,'approved','public',NULL,'c0000000-0000-4000-8000-000000000017','2024-07-24 18:23+08','2024-07-24 18:23+08'),
 ('e0000000-0000-4000-8000-000000000041','d0000000-0000-4000-8000-000000000027',NULL,'supply','便當',NULL,37,'in_progress','user',NULL,NULL,false,NULL,'approved','public',NULL,'c0000000-0000-4000-8000-000000000017','2024-07-24 18:23+08','2024-07-24 18:23+08'),
 ('e0000000-0000-4000-8000-000000000042','d0000000-0000-4000-8000-000000000028',NULL,'hr','挖土機支援',NULL,1,'pending','gov',NULL,NULL,false,NULL,'approved','public',NULL,'c0000000-0000-4000-8000-000000000026','2024-07-24 11:44+08','2024-07-24 11:44+08'),
 ('e0000000-0000-4000-8000-000000000043','d0000000-0000-4000-8000-000000000029',NULL,'hr','清淤人力',NULL,27,'pending','user',NULL,NULL,false,NULL,'approved','public',NULL,'c0000000-0000-4000-8000-000000000013','2024-07-24 11:00+08','2024-07-24 11:00+08'),
 ('e0000000-0000-4000-8000-000000000044','d0000000-0000-4000-8000-000000000030',NULL,'supply','沙包',NULL,124,'pending','gov',NULL,NULL,false,NULL,'approved','public',NULL,'c0000000-0000-4000-8000-000000000025','2024-07-24 15:50+08','2024-07-24 15:50+08'),
 ('e0000000-0000-4000-8000-000000000045','d0000000-0000-4000-8000-000000000030',NULL,'supply','便當',NULL,66,'in_progress','gov',NULL,NULL,false,NULL,'approved','public',NULL,'c0000000-0000-4000-8000-000000000025','2024-07-24 15:50+08','2024-07-24 15:50+08'),
 ('e0000000-0000-4000-8000-000000000046','d0000000-0000-4000-8000-000000000031',NULL,'rescue','受困人員救援',NULL,4,'in_progress','gov',NULL,NULL,false,NULL,'approved','public',NULL,'c0000000-0000-4000-8000-000000000037','2025-10-03 17:12+08','2025-10-03 17:12+08'),
 ('e0000000-0000-4000-8000-000000000047','d0000000-0000-4000-8000-000000000031',NULL,'rescue','長者後送',NULL,3,'completed','gov',NULL,NULL,false,NULL,'approved','public',NULL,'c0000000-0000-4000-8000-000000000037','2025-10-03 17:12+08','2025-10-03 17:12+08'),
 ('e0000000-0000-4000-8000-000000000048','d0000000-0000-4000-8000-000000000032',NULL,'rescue','受困人員救援',NULL,3,'completed','user',NULL,NULL,false,NULL,'approved','public',NULL,'c0000000-0000-4000-8000-000000000029','2025-10-03 18:15+08','2025-10-03 18:15+08'),
 ('e0000000-0000-4000-8000-000000000049','d0000000-0000-4000-8000-000000000033',NULL,'hr','抽水機操作人力',NULL,3,'in_progress','user',NULL,NULL,false,NULL,'approved','public',NULL,'c0000000-0000-4000-8000-000000000029','2025-10-03 18:29+08','2025-10-03 18:29+08'),
 ('e0000000-0000-4000-8000-000000000050','d0000000-0000-4000-8000-000000000034',NULL,'hr','搬運志工',NULL,6,'in_progress','user',NULL,NULL,false,NULL,'approved','public',NULL,'c0000000-0000-4000-8000-000000000030','2025-10-03 16:39+08','2025-10-03 16:39+08'),
 ('e0000000-0000-4000-8000-000000000051','d0000000-0000-4000-8000-000000000034',NULL,'hr','清掃志工',NULL,18,'in_progress','user',NULL,NULL,false,NULL,'approved','public',NULL,'c0000000-0000-4000-8000-000000000030','2025-10-03 16:39+08','2025-10-03 16:39+08'),
 ('e0000000-0000-4000-8000-000000000052','d0000000-0000-4000-8000-000000000035',NULL,'hr','搬運志工',NULL,10,'pending','user',NULL,NULL,false,NULL,'approved','public',NULL,'c0000000-0000-4000-8000-000000000030','2025-10-03 10:33+08','2025-10-03 10:33+08'),
 ('e0000000-0000-4000-8000-000000000053','d0000000-0000-4000-8000-000000000036',NULL,'supply','便當',NULL,96,'in_progress','gov',NULL,NULL,false,NULL,'approved','public',NULL,'c0000000-0000-4000-8000-000000000032','2025-10-03 8:09+08','2025-10-03 8:09+08'),
 ('e0000000-0000-4000-8000-000000000054','d0000000-0000-4000-8000-000000000037',NULL,'supply','推車',NULL,12,'completed','gov',NULL,NULL,false,NULL,'approved','public',NULL,'c0000000-0000-4000-8000-000000000034','2025-10-03 10:37+08','2025-10-03 10:37+08'),
 ('e0000000-0000-4000-8000-000000000055','d0000000-0000-4000-8000-000000000037',NULL,'supply','便當',NULL,90,'pending','gov',NULL,NULL,false,NULL,'approved','public',NULL,'c0000000-0000-4000-8000-000000000034','2025-10-03 10:37+08','2025-10-03 10:37+08'),
 ('e0000000-0000-4000-8000-000000000056','d0000000-0000-4000-8000-000000000038',NULL,'supply','圓鍬',NULL,15,'pending','gov',NULL,NULL,false,NULL,'approved','public',NULL,'c0000000-0000-4000-8000-000000000033','2025-10-03 13:34+08','2025-10-03 13:34+08'),
 ('e0000000-0000-4000-8000-000000000057','d0000000-0000-4000-8000-000000000038',NULL,'supply','推車',NULL,12,'pending','gov',NULL,NULL,false,NULL,'approved','public',NULL,'c0000000-0000-4000-8000-000000000033','2025-10-03 13:34+08','2025-10-03 13:34+08');

INSERT INTO task_properties (uuid, task_uuid, property_name, property_value, quantity, status, comment, created_at, updated_at) VALUES
 (gen_random_uuid(),'e0000000-0000-4000-8000-000000000001','people_count','4',NULL,NULL,NULL,'2024-07-24 14:55+08','2024-07-24 14:55+08'),
 (gen_random_uuid(),'e0000000-0000-4000-8000-000000000001','floor_level','1',NULL,NULL,NULL,'2024-07-24 14:55+08','2024-07-24 14:55+08'),
 (gen_random_uuid(),'e0000000-0000-4000-8000-000000000002','people_count','4',NULL,NULL,NULL,'2024-07-24 13:46+08','2024-07-24 13:46+08'),
 (gen_random_uuid(),'e0000000-0000-4000-8000-000000000002','floor_level','2',NULL,NULL,NULL,'2024-07-24 13:46+08','2024-07-24 13:46+08'),
 (gen_random_uuid(),'e0000000-0000-4000-8000-000000000003','people_count','4',NULL,NULL,NULL,'2024-07-24 13:46+08','2024-07-24 13:46+08'),
 (gen_random_uuid(),'e0000000-0000-4000-8000-000000000003','hazard_note','土石不穩,需專業評估',NULL,NULL,NULL,'2024-07-24 13:46+08','2024-07-24 13:46+08'),
 (gen_random_uuid(),'e0000000-0000-4000-8000-000000000004','people_count','4',NULL,NULL,NULL,'2024-07-24 9:48+08','2024-07-24 9:48+08'),
 (gen_random_uuid(),'e0000000-0000-4000-8000-000000000004','hazard_note','土石不穩,需專業評估',NULL,NULL,NULL,'2024-07-24 9:48+08','2024-07-24 9:48+08'),
 (gen_random_uuid(),'e0000000-0000-4000-8000-000000000005','people_count','2',NULL,NULL,NULL,'2024-07-24 11:56+08','2024-07-24 11:56+08'),
 (gen_random_uuid(),'e0000000-0000-4000-8000-000000000005','hazard_note','土石不穩,需專業評估',NULL,NULL,NULL,'2024-07-24 11:56+08','2024-07-24 11:56+08'),
 (gen_random_uuid(),'e0000000-0000-4000-8000-000000000006','people_count','4',NULL,NULL,NULL,'2024-07-24 15:55+08','2024-07-24 15:55+08'),
 (gen_random_uuid(),'e0000000-0000-4000-8000-000000000006','floor_level','3',NULL,NULL,NULL,'2024-07-24 15:55+08','2024-07-24 15:55+08'),
 (gen_random_uuid(),'e0000000-0000-4000-8000-000000000007','people_count','5',NULL,NULL,NULL,'2024-07-24 15:55+08','2024-07-24 15:55+08'),
 (gen_random_uuid(),'e0000000-0000-4000-8000-000000000007','hazard_note','土石不穩,需專業評估',NULL,NULL,NULL,'2024-07-24 15:55+08','2024-07-24 15:55+08'),
 (gen_random_uuid(),'e0000000-0000-4000-8000-000000000008','required_skill','logistics',NULL,NULL,NULL,'2024-07-24 17:28+08','2024-07-24 17:28+08'),
 (gen_random_uuid(),'e0000000-0000-4000-8000-000000000008','cargo_type','supplies',NULL,NULL,NULL,'2024-07-24 17:28+08','2024-07-24 17:28+08'),
 (gen_random_uuid(),'e0000000-0000-4000-8000-000000000009','required_skill','cleaning',NULL,NULL,NULL,'2024-07-24 8:57+08','2024-07-24 8:57+08'),
 (gen_random_uuid(),'e0000000-0000-4000-8000-000000000009','cleanup_type','mud',NULL,NULL,NULL,'2024-07-24 8:57+08','2024-07-24 8:57+08'),
 (gen_random_uuid(),'e0000000-0000-4000-8000-000000000009','required_tool','shovel',NULL,NULL,NULL,'2024-07-24 8:57+08','2024-07-24 8:57+08'),
 (gen_random_uuid(),'e0000000-0000-4000-8000-000000000010','required_tool','excavator',NULL,NULL,NULL,'2024-07-24 16:50+08','2024-07-24 16:50+08'),
 (gen_random_uuid(),'e0000000-0000-4000-8000-000000000010','cleanup_type','mud',NULL,NULL,NULL,'2024-07-24 16:50+08','2024-07-24 16:50+08'),
 (gen_random_uuid(),'e0000000-0000-4000-8000-000000000011','required_skill','cleaning',NULL,NULL,NULL,'2024-07-24 17:03+08','2024-07-24 17:03+08'),
 (gen_random_uuid(),'e0000000-0000-4000-8000-000000000011','cleanup_type','mud',NULL,NULL,NULL,'2024-07-24 17:03+08','2024-07-24 17:03+08'),
 (gen_random_uuid(),'e0000000-0000-4000-8000-000000000011','required_tool','shovel',NULL,NULL,NULL,'2024-07-24 17:03+08','2024-07-24 17:03+08'),
 (gen_random_uuid(),'e0000000-0000-4000-8000-000000000012','required_tool','excavator',NULL,NULL,NULL,'2024-07-24 8:54+08','2024-07-24 8:54+08'),
 (gen_random_uuid(),'e0000000-0000-4000-8000-000000000012','cleanup_type','mud',NULL,NULL,NULL,'2024-07-24 8:54+08','2024-07-24 8:54+08'),
 (gen_random_uuid(),'e0000000-0000-4000-8000-000000000013','required_skill','logistics',NULL,NULL,NULL,'2024-07-24 8:54+08','2024-07-24 8:54+08'),
 (gen_random_uuid(),'e0000000-0000-4000-8000-000000000013','cargo_type','supplies',NULL,NULL,NULL,'2024-07-24 8:54+08','2024-07-24 8:54+08'),
 (gen_random_uuid(),'e0000000-0000-4000-8000-000000000014','required_tool','excavator',NULL,NULL,NULL,'2024-07-24 9:13+08','2024-07-24 9:13+08'),
 (gen_random_uuid(),'e0000000-0000-4000-8000-000000000014','cleanup_type','mud',NULL,NULL,NULL,'2024-07-24 9:13+08','2024-07-24 9:13+08'),
 (gen_random_uuid(),'e0000000-0000-4000-8000-000000000015','required_skill','cleaning',NULL,NULL,NULL,'2024-07-24 9:13+08','2024-07-24 9:13+08'),
 (gen_random_uuid(),'e0000000-0000-4000-8000-000000000015','cleanup_type','mud',NULL,NULL,NULL,'2024-07-24 9:13+08','2024-07-24 9:13+08'),
 (gen_random_uuid(),'e0000000-0000-4000-8000-000000000015','required_tool','shovel',NULL,NULL,NULL,'2024-07-24 9:13+08','2024-07-24 9:13+08'),
 (gen_random_uuid(),'e0000000-0000-4000-8000-000000000016','required_tool','excavator',NULL,NULL,NULL,'2024-07-24 18:42+08','2024-07-24 18:42+08'),
 (gen_random_uuid(),'e0000000-0000-4000-8000-000000000016','cleanup_type','mud',NULL,NULL,NULL,'2024-07-24 18:42+08','2024-07-24 18:42+08'),
 (gen_random_uuid(),'e0000000-0000-4000-8000-000000000017','required_skill','logistics',NULL,NULL,NULL,'2024-07-24 18:42+08','2024-07-24 18:42+08'),
 (gen_random_uuid(),'e0000000-0000-4000-8000-000000000017','cargo_type','supplies',NULL,NULL,NULL,'2024-07-24 18:42+08','2024-07-24 18:42+08'),
 (gen_random_uuid(),'e0000000-0000-4000-8000-000000000018','required_skill','logistics',NULL,NULL,NULL,'2024-07-24 7:58+08','2024-07-24 7:58+08'),
 (gen_random_uuid(),'e0000000-0000-4000-8000-000000000018','cargo_type','supplies',NULL,NULL,NULL,'2024-07-24 7:58+08','2024-07-24 7:58+08'),
 (gen_random_uuid(),'e0000000-0000-4000-8000-000000000019','required_skill','cleaning',NULL,NULL,NULL,'2024-07-24 7:58+08','2024-07-24 7:58+08'),
 (gen_random_uuid(),'e0000000-0000-4000-8000-000000000019','cleanup_type','mud',NULL,NULL,NULL,'2024-07-24 7:58+08','2024-07-24 7:58+08'),
 (gen_random_uuid(),'e0000000-0000-4000-8000-000000000019','required_tool','shovel',NULL,NULL,NULL,'2024-07-24 7:58+08','2024-07-24 7:58+08'),
 (gen_random_uuid(),'e0000000-0000-4000-8000-000000000020','required_skill','logistics',NULL,NULL,NULL,'2024-07-24 13:37+08','2024-07-24 13:37+08'),
 (gen_random_uuid(),'e0000000-0000-4000-8000-000000000020','cargo_type','supplies',NULL,NULL,NULL,'2024-07-24 13:37+08','2024-07-24 13:37+08'),
 (gen_random_uuid(),'e0000000-0000-4000-8000-000000000021','required_tool','excavator',NULL,NULL,NULL,'2024-07-24 13:37+08','2024-07-24 13:37+08'),
 (gen_random_uuid(),'e0000000-0000-4000-8000-000000000021','cleanup_type','mud',NULL,NULL,NULL,'2024-07-24 13:37+08','2024-07-24 13:37+08'),
 (gen_random_uuid(),'e0000000-0000-4000-8000-000000000022','required_tool','excavator',NULL,NULL,NULL,'2024-07-24 18:15+08','2024-07-24 18:15+08'),
 (gen_random_uuid(),'e0000000-0000-4000-8000-000000000022','cleanup_type','mud',NULL,NULL,NULL,'2024-07-24 18:15+08','2024-07-24 18:15+08'),
 (gen_random_uuid(),'e0000000-0000-4000-8000-000000000023','required_skill','logistics',NULL,NULL,NULL,'2024-07-24 18:15+08','2024-07-24 18:15+08'),
 (gen_random_uuid(),'e0000000-0000-4000-8000-000000000023','cargo_type','supplies',NULL,NULL,NULL,'2024-07-24 18:15+08','2024-07-24 18:15+08'),
 (gen_random_uuid(),'e0000000-0000-4000-8000-000000000024','item_name','便當',NULL,NULL,NULL,'2024-07-24 16:34+08','2024-07-24 16:34+08'),
 (gen_random_uuid(),'e0000000-0000-4000-8000-000000000025','item_name','瓶裝水',NULL,NULL,NULL,'2024-07-24 16:34+08','2024-07-24 16:34+08'),
 (gen_random_uuid(),'e0000000-0000-4000-8000-000000000026','item_name','瓶裝水',NULL,NULL,NULL,'2024-07-24 15:41+08','2024-07-24 15:41+08'),
 (gen_random_uuid(),'e0000000-0000-4000-8000-000000000027','item_name','沙包',NULL,NULL,NULL,'2024-07-24 15:41+08','2024-07-24 15:41+08'),
 (gen_random_uuid(),'e0000000-0000-4000-8000-000000000028','item_name','推車',NULL,NULL,NULL,'2024-07-24 8:09+08','2024-07-24 8:09+08'),
 (gen_random_uuid(),'e0000000-0000-4000-8000-000000000029','item_name','沙包',NULL,NULL,NULL,'2024-07-24 7:53+08','2024-07-24 7:53+08'),
 (gen_random_uuid(),'e0000000-0000-4000-8000-000000000030','item_name','瓶裝水',NULL,NULL,NULL,'2024-07-24 7:53+08','2024-07-24 7:53+08'),
 (gen_random_uuid(),'e0000000-0000-4000-8000-000000000031','item_name','瓶裝水',NULL,NULL,NULL,'2024-07-24 15:56+08','2024-07-24 15:56+08'),
 (gen_random_uuid(),'e0000000-0000-4000-8000-000000000032','item_name','瓶裝水',NULL,NULL,NULL,'2024-07-24 7:13+08','2024-07-24 7:13+08'),
 (gen_random_uuid(),'e0000000-0000-4000-8000-000000000033','item_name','推車',NULL,NULL,NULL,'2024-07-24 10:11+08','2024-07-24 10:11+08'),
 (gen_random_uuid(),'e0000000-0000-4000-8000-000000000034','item_name','便當',NULL,NULL,NULL,'2024-07-24 10:11+08','2024-07-24 10:11+08'),
 (gen_random_uuid(),'e0000000-0000-4000-8000-000000000035','item_name','便當',NULL,NULL,NULL,'2024-07-24 11:06+08','2024-07-24 11:06+08'),
 (gen_random_uuid(),'e0000000-0000-4000-8000-000000000036','item_name','瓶裝水',NULL,NULL,NULL,'2024-07-24 11:06+08','2024-07-24 11:06+08'),
 (gen_random_uuid(),'e0000000-0000-4000-8000-000000000037','item_name','圓鍬',NULL,NULL,NULL,'2024-07-24 10:42+08','2024-07-24 10:42+08'),
 (gen_random_uuid(),'e0000000-0000-4000-8000-000000000038','required_skill','cleaning',NULL,NULL,NULL,'2024-07-24 15:56+08','2024-07-24 15:56+08'),
 (gen_random_uuid(),'e0000000-0000-4000-8000-000000000038','cleanup_type','mud',NULL,NULL,NULL,'2024-07-24 15:56+08','2024-07-24 15:56+08'),
 (gen_random_uuid(),'e0000000-0000-4000-8000-000000000038','required_tool','shovel',NULL,NULL,NULL,'2024-07-24 15:56+08','2024-07-24 15:56+08'),
 (gen_random_uuid(),'e0000000-0000-4000-8000-000000000039','required_tool','excavator',NULL,NULL,NULL,'2024-07-24 13:24+08','2024-07-24 13:24+08'),
 (gen_random_uuid(),'e0000000-0000-4000-8000-000000000039','cleanup_type','mud',NULL,NULL,NULL,'2024-07-24 13:24+08','2024-07-24 13:24+08'),
 (gen_random_uuid(),'e0000000-0000-4000-8000-000000000040','item_name','沙包',NULL,NULL,NULL,'2024-07-24 18:23+08','2024-07-24 18:23+08'),
 (gen_random_uuid(),'e0000000-0000-4000-8000-000000000041','item_name','便當',NULL,NULL,NULL,'2024-07-24 18:23+08','2024-07-24 18:23+08'),
 (gen_random_uuid(),'e0000000-0000-4000-8000-000000000042','required_tool','excavator',NULL,NULL,NULL,'2024-07-24 11:44+08','2024-07-24 11:44+08'),
 (gen_random_uuid(),'e0000000-0000-4000-8000-000000000042','cleanup_type','mud',NULL,NULL,NULL,'2024-07-24 11:44+08','2024-07-24 11:44+08'),
 (gen_random_uuid(),'e0000000-0000-4000-8000-000000000043','required_skill','cleaning',NULL,NULL,NULL,'2024-07-24 11:00+08','2024-07-24 11:00+08'),
 (gen_random_uuid(),'e0000000-0000-4000-8000-000000000043','cleanup_type','mud',NULL,NULL,NULL,'2024-07-24 11:00+08','2024-07-24 11:00+08'),
 (gen_random_uuid(),'e0000000-0000-4000-8000-000000000043','required_tool','shovel',NULL,NULL,NULL,'2024-07-24 11:00+08','2024-07-24 11:00+08'),
 (gen_random_uuid(),'e0000000-0000-4000-8000-000000000044','item_name','沙包',NULL,NULL,NULL,'2024-07-24 15:50+08','2024-07-24 15:50+08'),
 (gen_random_uuid(),'e0000000-0000-4000-8000-000000000045','item_name','便當',NULL,NULL,NULL,'2024-07-24 15:50+08','2024-07-24 15:50+08'),
 (gen_random_uuid(),'e0000000-0000-4000-8000-000000000046','people_count','5',NULL,NULL,NULL,'2025-10-03 17:12+08','2025-10-03 17:12+08'),
 (gen_random_uuid(),'e0000000-0000-4000-8000-000000000046','hazard_note','土石不穩,需專業評估',NULL,NULL,NULL,'2025-10-03 17:12+08','2025-10-03 17:12+08'),
 (gen_random_uuid(),'e0000000-0000-4000-8000-000000000047','people_count','2',NULL,NULL,NULL,'2025-10-03 17:12+08','2025-10-03 17:12+08'),
 (gen_random_uuid(),'e0000000-0000-4000-8000-000000000047','floor_level','4',NULL,NULL,NULL,'2025-10-03 17:12+08','2025-10-03 17:12+08'),
 (gen_random_uuid(),'e0000000-0000-4000-8000-000000000048','people_count','2',NULL,NULL,NULL,'2025-10-03 18:15+08','2025-10-03 18:15+08'),
 (gen_random_uuid(),'e0000000-0000-4000-8000-000000000048','hazard_note','土石不穩,需專業評估',NULL,NULL,NULL,'2025-10-03 18:15+08','2025-10-03 18:15+08'),
 (gen_random_uuid(),'e0000000-0000-4000-8000-000000000049','required_tool','pump',NULL,NULL,NULL,'2025-10-03 18:29+08','2025-10-03 18:29+08'),
 (gen_random_uuid(),'e0000000-0000-4000-8000-000000000049','cleanup_type','sewage',NULL,NULL,NULL,'2025-10-03 18:29+08','2025-10-03 18:29+08'),
 (gen_random_uuid(),'e0000000-0000-4000-8000-000000000050','required_skill','logistics',NULL,NULL,NULL,'2025-10-03 16:39+08','2025-10-03 16:39+08'),
 (gen_random_uuid(),'e0000000-0000-4000-8000-000000000050','cargo_type','supplies',NULL,NULL,NULL,'2025-10-03 16:39+08','2025-10-03 16:39+08'),
 (gen_random_uuid(),'e0000000-0000-4000-8000-000000000051','required_skill','cleaning',NULL,NULL,NULL,'2025-10-03 16:39+08','2025-10-03 16:39+08'),
 (gen_random_uuid(),'e0000000-0000-4000-8000-000000000051','cleanup_type','mud',NULL,NULL,NULL,'2025-10-03 16:39+08','2025-10-03 16:39+08'),
 (gen_random_uuid(),'e0000000-0000-4000-8000-000000000052','required_skill','logistics',NULL,NULL,NULL,'2025-10-03 10:33+08','2025-10-03 10:33+08'),
 (gen_random_uuid(),'e0000000-0000-4000-8000-000000000052','cargo_type','supplies',NULL,NULL,NULL,'2025-10-03 10:33+08','2025-10-03 10:33+08'),
 (gen_random_uuid(),'e0000000-0000-4000-8000-000000000053','item_name','便當',NULL,NULL,NULL,'2025-10-03 8:09+08','2025-10-03 8:09+08'),
 (gen_random_uuid(),'e0000000-0000-4000-8000-000000000054','item_name','推車',NULL,NULL,NULL,'2025-10-03 10:37+08','2025-10-03 10:37+08'),
 (gen_random_uuid(),'e0000000-0000-4000-8000-000000000055','item_name','便當',NULL,NULL,NULL,'2025-10-03 10:37+08','2025-10-03 10:37+08'),
 (gen_random_uuid(),'e0000000-0000-4000-8000-000000000056','item_name','圓鍬',NULL,NULL,NULL,'2025-10-03 13:34+08','2025-10-03 13:34+08'),
 (gen_random_uuid(),'e0000000-0000-4000-8000-000000000057','item_name','推車',NULL,NULL,NULL,'2025-10-03 13:34+08','2025-10-03 13:34+08');

INSERT INTO task_assignments (uuid, task_uuid, actor_uuid, role, assigned_at) VALUES
 ('f0000000-0000-4000-8000-000000000001','e0000000-0000-4000-8000-000000000009','c0000000-0000-4000-8000-000000000005','volunteer','2024-07-24 8:57+08'),
 ('f0000000-0000-4000-8000-000000000002','e0000000-0000-4000-8000-000000000009','c0000000-0000-4000-8000-000000000008','volunteer','2024-07-24 8:57+08'),
 ('f0000000-0000-4000-8000-000000000003','e0000000-0000-4000-8000-000000000009','c0000000-0000-4000-8000-000000000020','volunteer','2024-07-24 8:57+08'),
 ('f0000000-0000-4000-8000-000000000004','e0000000-0000-4000-8000-000000000009','c0000000-0000-4000-8000-000000000016','volunteer','2024-07-24 8:57+08'),
 ('f0000000-0000-4000-8000-000000000005','e0000000-0000-4000-8000-000000000010','c0000000-0000-4000-8000-000000000012','volunteer','2024-07-24 16:50+08'),
 ('f0000000-0000-4000-8000-000000000006','e0000000-0000-4000-8000-000000000010','c0000000-0000-4000-8000-000000000006','volunteer','2024-07-24 16:50+08'),
 ('f0000000-0000-4000-8000-000000000007','e0000000-0000-4000-8000-000000000012','c0000000-0000-4000-8000-000000000003','volunteer','2024-07-24 8:54+08'),
 ('f0000000-0000-4000-8000-000000000008','e0000000-0000-4000-8000-000000000013','c0000000-0000-4000-8000-000000000004','volunteer','2024-07-24 8:54+08'),
 ('f0000000-0000-4000-8000-000000000009','e0000000-0000-4000-8000-000000000014','c0000000-0000-4000-8000-000000000012','volunteer','2024-07-24 9:13+08'),
 ('f0000000-0000-4000-8000-000000000010','e0000000-0000-4000-8000-000000000014','c0000000-0000-4000-8000-000000000003','volunteer','2024-07-24 9:13+08'),
 ('f0000000-0000-4000-8000-000000000011','e0000000-0000-4000-8000-000000000014','c0000000-0000-4000-8000-000000000017','volunteer','2024-07-24 9:13+08'),
 ('f0000000-0000-4000-8000-000000000012','e0000000-0000-4000-8000-000000000015','c0000000-0000-4000-8000-000000000016','volunteer','2024-07-24 9:13+08'),
 ('f0000000-0000-4000-8000-000000000013','e0000000-0000-4000-8000-000000000015','c0000000-0000-4000-8000-000000000004','volunteer','2024-07-24 9:13+08'),
 ('f0000000-0000-4000-8000-000000000014','e0000000-0000-4000-8000-000000000015','c0000000-0000-4000-8000-000000000014','volunteer','2024-07-24 9:13+08'),
 ('f0000000-0000-4000-8000-000000000015','e0000000-0000-4000-8000-000000000016','c0000000-0000-4000-8000-000000000009','volunteer','2024-07-24 18:42+08'),
 ('f0000000-0000-4000-8000-000000000016','e0000000-0000-4000-8000-000000000016','c0000000-0000-4000-8000-000000000018','volunteer','2024-07-24 18:42+08'),
 ('f0000000-0000-4000-8000-000000000017','e0000000-0000-4000-8000-000000000016','c0000000-0000-4000-8000-000000000016','volunteer','2024-07-24 18:42+08'),
 ('f0000000-0000-4000-8000-000000000018','e0000000-0000-4000-8000-000000000016','c0000000-0000-4000-8000-000000000015','volunteer','2024-07-24 18:42+08'),
 ('f0000000-0000-4000-8000-000000000019','e0000000-0000-4000-8000-000000000017','c0000000-0000-4000-8000-000000000009','volunteer','2024-07-24 18:42+08'),
 ('f0000000-0000-4000-8000-000000000020','e0000000-0000-4000-8000-000000000017','c0000000-0000-4000-8000-000000000011','volunteer','2024-07-24 18:42+08'),
 ('f0000000-0000-4000-8000-000000000021','e0000000-0000-4000-8000-000000000017','c0000000-0000-4000-8000-000000000008','volunteer','2024-07-24 18:42+08'),
 ('f0000000-0000-4000-8000-000000000022','e0000000-0000-4000-8000-000000000017','c0000000-0000-4000-8000-000000000003','volunteer','2024-07-24 18:42+08'),
 ('f0000000-0000-4000-8000-000000000023','e0000000-0000-4000-8000-000000000018','c0000000-0000-4000-8000-000000000011','volunteer','2024-07-24 7:58+08'),
 ('f0000000-0000-4000-8000-000000000024','e0000000-0000-4000-8000-000000000018','c0000000-0000-4000-8000-000000000001','volunteer','2024-07-24 7:58+08'),
 ('f0000000-0000-4000-8000-000000000025','e0000000-0000-4000-8000-000000000018','c0000000-0000-4000-8000-000000000016','volunteer','2024-07-24 7:58+08'),
 ('f0000000-0000-4000-8000-000000000026','e0000000-0000-4000-8000-000000000019','c0000000-0000-4000-8000-000000000012','volunteer','2024-07-24 7:58+08'),
 ('f0000000-0000-4000-8000-000000000027','e0000000-0000-4000-8000-000000000020','c0000000-0000-4000-8000-000000000018','volunteer','2024-07-24 13:37+08'),
 ('f0000000-0000-4000-8000-000000000028','e0000000-0000-4000-8000-000000000020','c0000000-0000-4000-8000-000000000001','volunteer','2024-07-24 13:37+08'),
 ('f0000000-0000-4000-8000-000000000029','e0000000-0000-4000-8000-000000000021','c0000000-0000-4000-8000-000000000016','volunteer','2024-07-24 13:37+08'),
 ('f0000000-0000-4000-8000-000000000030','e0000000-0000-4000-8000-000000000021','c0000000-0000-4000-8000-000000000018','volunteer','2024-07-24 13:37+08'),
 ('f0000000-0000-4000-8000-000000000031','e0000000-0000-4000-8000-000000000021','c0000000-0000-4000-8000-000000000008','volunteer','2024-07-24 13:37+08'),
 ('f0000000-0000-4000-8000-000000000032','e0000000-0000-4000-8000-000000000023','c0000000-0000-4000-8000-000000000010','volunteer','2024-07-24 18:15+08'),
 ('f0000000-0000-4000-8000-000000000033','e0000000-0000-4000-8000-000000000039','c0000000-0000-4000-8000-000000000008','volunteer','2024-07-24 13:24+08'),
 ('f0000000-0000-4000-8000-000000000034','e0000000-0000-4000-8000-000000000039','c0000000-0000-4000-8000-000000000017','volunteer','2024-07-24 13:24+08'),
 ('f0000000-0000-4000-8000-000000000035','e0000000-0000-4000-8000-000000000039','c0000000-0000-4000-8000-000000000013','volunteer','2024-07-24 13:24+08'),
 ('f0000000-0000-4000-8000-000000000036','e0000000-0000-4000-8000-000000000039','c0000000-0000-4000-8000-000000000015','volunteer','2024-07-24 13:24+08'),
 ('f0000000-0000-4000-8000-000000000037','e0000000-0000-4000-8000-000000000049','c0000000-0000-4000-8000-000000000030','volunteer','2025-10-03 18:29+08'),
 ('f0000000-0000-4000-8000-000000000038','e0000000-0000-4000-8000-000000000049','c0000000-0000-4000-8000-000000000029','volunteer','2025-10-03 18:29+08'),
 ('f0000000-0000-4000-8000-000000000039','e0000000-0000-4000-8000-000000000049','c0000000-0000-4000-8000-000000000028','volunteer','2025-10-03 18:29+08'),
 ('f0000000-0000-4000-8000-000000000040','e0000000-0000-4000-8000-000000000049','c0000000-0000-4000-8000-000000000031','volunteer','2025-10-03 18:29+08'),
 ('f0000000-0000-4000-8000-000000000041','e0000000-0000-4000-8000-000000000050','c0000000-0000-4000-8000-000000000031','volunteer','2025-10-03 16:39+08'),
 ('f0000000-0000-4000-8000-000000000042','e0000000-0000-4000-8000-000000000050','c0000000-0000-4000-8000-000000000028','volunteer','2025-10-03 16:39+08'),
 ('f0000000-0000-4000-8000-000000000043','e0000000-0000-4000-8000-000000000050','c0000000-0000-4000-8000-000000000030','volunteer','2025-10-03 16:39+08'),
 ('f0000000-0000-4000-8000-000000000044','e0000000-0000-4000-8000-000000000051','c0000000-0000-4000-8000-000000000030','volunteer','2025-10-03 16:39+08'),
 ('f0000000-0000-4000-8000-000000000045','e0000000-0000-4000-8000-000000000051','c0000000-0000-4000-8000-000000000028','volunteer','2025-10-03 16:39+08'),
 ('f0000000-0000-4000-8000-000000000046','e0000000-0000-4000-8000-000000000051','c0000000-0000-4000-8000-000000000031','volunteer','2025-10-03 16:39+08'),
 ('f0000000-0000-4000-8000-000000000047','e0000000-0000-4000-8000-000000000051','c0000000-0000-4000-8000-000000000029','volunteer','2025-10-03 16:39+08');

-- 5. PR12-ready 條件區塊 — 欄位存在才寫(部署 PR#11/#12 後重跑即生效)
DO $$
BEGIN
  IF EXISTS (SELECT 1 FROM information_schema.columns
             WHERE table_name='tickets' AND column_name='disaster_type') THEN
    UPDATE tickets SET disaster_type='mudslide'
     WHERE uuid::text LIKE 'd0000000-%' AND right(uuid::text,12)::bigint <= 30;
    UPDATE tickets SET disaster_type='flood'
     WHERE uuid::text LIKE 'd0000000-%' AND right(uuid::text,12)::bigint > 30;
  END IF;
  IF EXISTS (SELECT 1 FROM information_schema.columns
             WHERE table_name='task_assignments' AND column_name='status') THEN
    UPDATE task_assignments SET status = (ARRAY['accepted','en_route','completed'])
      [1 + (right(uuid::text,12)::bigint % 3)]
     WHERE uuid::text LIKE 'f0000000-%';
  END IF;
END $$;

COMMIT;
